game.key,game.date,game.number,name.last,name.first,club.name,pos,seq,B_AB,B_R,B_ER,B_H,B_2B,B_3B,B_HR,B_BB,B_SO,B_HP,B_SH,B_SF,B_SB,B_LOB,B_ROE,P_IP,P_R,P_H,P_BB,P_SO,P_HP,P_WP,P_BK,F_PO,F_A,F_E,F_DP,F_TP,F_PB
31cb0656-9032-52df-89f6-fcb52e2e698b,1912-04-29,0,Woodward,,Ardmore,3b,1,2,1,,0,,,,,,,,1,,,,,,,,,,,,0,1,0,,,
31cb0656-9032-52df-89f6-fcb52e2e698b,1912-04-29,0,McAvoy,,Ardmore,ss,2,5,1,,0,,,,,,,,,,,,,,,,,,,,3,2,0,,,
31cb0656-9032-52df-89f6-fcb52e2e698b,1912-04-29,0,Gray,,Ardmore,2b,3,3,0,,2,2,,,,,,,,1,,,,,,,,,,,5,3,0,1,,
31cb0656-9032-52df-89f6-fcb52e2e698b,1912-04-29,0,Naylor,,Ardmore,rf,4,5,0,,1,,,,,,,,,,,,,,,,,,,,1,0,0,,,
31cb0656-9032-52df-89f6-fcb52e2e698b,1912-04-29,0,Sullivan,,Ardmore,cf,5,5,0,,0,,,,,,,,,,,,,,,,,,,,1,0,0,,,
31cb0656-9032-52df-89f6-fcb52e2e698b,1912-04-29,0,Caldwell,,Ardmore,lf,6,3,0,,2,,,,,,,,1,,,,,,,,,,,,0,0,0,,,
31cb0656-9032-52df-89f6-fcb52e2e698b,1912-04-29,0,Cooke,,Ardmore,1b,7,4,0,,1,,,,,,,,,,,,,,,,,,,,7,0,0,,,
31cb0656-9032-52df-89f6-fcb52e2e698b,1912-04-29,0,Ballew,,Ardmore,c,8,4,0,,0,,,,,,,,,,,,,,,,,,,,13,4,0,,,
31cb0656-9032-52df-89f6-fcb52e2e698b,1912-04-29,0,Reed,,Ardmore,p,9,4,0,,1,1,,,,,,,,,,,,,,7,11,,,,0,5,0,,,
31cb0656-9032-52df-89f6-fcb52e2e698b,1912-04-29,0,TOTALS,,Ardmore,,,35,2,,7,,,,,,,,,,9,,,,,,,,,,30,15,0,,,
31cb0656-9032-52df-89f6-fcb52e2e698b,1912-04-29,0,Brooks,,Denison,ss,1,3,2,,0,,,,,,,,,1,,,,,,,,,,,1,4,0,2,,
31cb0656-9032-52df-89f6-fcb52e2e698b,1912-04-29,0,Bobo,,Denison,c,2,3,0,,2,1,,,,,,,,,,,,,,,,,,,7,0,0,,,
31cb0656-9032-52df-89f6-fcb52e2e698b,1912-04-29,0,Covington,C.,Denison,lf,3,4,1,,0,,,,,,,,,,,,,,,,,,,,3,0,1,,,
31cb0656-9032-52df-89f6-fcb52e2e698b,1912-04-29,0,Clickinger,,Denison,rf,4,4,0,,1,,,,,,,1,,1,,,,,,,,,,,1,0,0,,,
31cb0656-9032-52df-89f6-fcb52e2e698b,1912-04-29,0,Covington,B.,Denison,cf,5,5,0,,2,,1,,,,,,,,,,,,,,,,,,3,0,0,,,
31cb0656-9032-52df-89f6-fcb52e2e698b,1912-04-29,0,Moore,,Denison,2b,6,2,0,,1,,,,,,1,,,,,,,,,,,,,,1,3,0,1,,
31cb0656-9032-52df-89f6-fcb52e2e698b,1912-04-29,0,Dupree,,Denison,3b,7,5,0,,1,,,,,,,,,,,,,,,,,,,,2,1,1,1,,
31cb0656-9032-52df-89f6-fcb52e2e698b,1912-04-29,0,Covington,H.,Denison,1b,8,4,0,,1,,,,,,,,,,,,,,,,,,,,12,1,0,3,,
31cb0656-9032-52df-89f6-fcb52e2e698b,1912-04-29,0,Awald,,Denison,p,9,4,0,,0,,,,,,,,,,,,,,,4,7,,,,0,3,1,,,
31cb0656-9032-52df-89f6-fcb52e2e698b,1912-04-29,0,TOTALS,,Denison,,,34,3,,8,,,,,,,,,,10,,,,,,,,,,30,12,3,,,
35f72e3a-4065-59a4-ad18-ee6db51c98eb,1912-04-29,0,Weber,,Cleburne,2b,1,2,2,,0,,,,,,,,,,,,,,,,,,,,2,4,0,,,
35f72e3a-4065-59a4-ad18-ee6db51c98eb,1912-04-29,0,Gardner,,Cleburne,lf,2,2,1,,0,,,,,,,,,,,,,,,,,,,,1,0,0,,,
35f72e3a-4065-59a4-ad18-ee6db51c98eb,1912-04-29,0,Bessie,,Cleburne,rf,3,3,1,,3,1,,,,,,,,,,,,,,,,,,,1,0,0,,,
35f72e3a-4065-59a4-ad18-ee6db51c98eb,1912-04-29,0,Ritter,,Cleburne,c,4,3,0,,1,1,,,,,,,,,,,,,,,,,,,11,0,0,,,
35f72e3a-4065-59a4-ad18-ee6db51c98eb,1912-04-29,0,Jutzie,,Cleburne,1b,5,3,0,,0,,,,,,,,,,,,,,,,,,,,9,1,1,,,
35f72e3a-4065-59a4-ad18-ee6db51c98eb,1912-04-29,0,Sorry,,Cleburne,ss,6,2,0,,1,,,,,,,,,,,,,,,,,,,,0,1,0,,,
35f72e3a-4065-59a4-ad18-ee6db51c98eb,1912-04-29,0,Adams,,Cleburne,cf,7,2,0,,0,,,,,,,,,,,,,,,,,,,,3,0,0,,,
35f72e3a-4065-59a4-ad18-ee6db51c98eb,1912-04-29,0,Perkins,,Cleburne,3b,8,3,0,,0,,,,,,,,,,,,,,,,,,,,0,1,0,,,
35f72e3a-4065-59a4-ad18-ee6db51c98eb,1912-04-29,0,Harbin,,Cleburne,p,9,4,0,,0,,,,,,,,,,,,9,,,2,10,,,,0,4,0,,,
35f72e3a-4065-59a4-ad18-ee6db51c98eb,1912-04-29,0,TOTALS,,Cleburne,,,24,4,1,5,,,,,,,,,,8,,,,,,,,,,27,11,1,,,
35f72e3a-4065-59a4-ad18-ee6db51c98eb,1912-04-29,0,Johnson,,Tyler,rf,1,4,1,,2,,1,,,,,,,,,,,,,,,,,,1,0,0,,,
35f72e3a-4065-59a4-ad18-ee6db51c98eb,1912-04-29,0,O'Neal,,Tyler,ph,10,1,0,,0,,,,,,,,,,,,,,,,,,,,0,0,0,,,
35f72e3a-4065-59a4-ad18-ee6db51c98eb,1912-04-29,0,Poindexter,,Tyler,ph,11,1,0,,0,,,,,,,,,,,,,,,,,,,,0,0,0,,,
35f72e3a-4065-59a4-ad18-ee6db51c98eb,1912-04-29,0,Moody,,Tyler,ss,2,4,0,,0,,,,,,,,,,,,,,,,,,,,2,3,0,,,
35f72e3a-4065-59a4-ad18-ee6db51c98eb,1912-04-29,0,Campbell,,Tyler,1b,3,3,0,,0,,,,,,,,,,,,,,,,,,,,13,1,0,,,
35f72e3a-4065-59a4-ad18-ee6db51c98eb,1912-04-29,0,Buster,,Tyler,c,4,3,1,,1,1,,,,,,,,,,,,,,,,,,,3,1,0,,,
35f72e3a-4065-59a4-ad18-ee6db51c98eb,1912-04-29,0,Hewitt,,Tyler,3b,5,4,0,,2,,,,,,,,,,,,,,,,,,,,1,4,0,,,
35f72e3a-4065-59a4-ad18-ee6db51c98eb,1912-04-29,0,Fruth,,Tyler,2b,6,2,0,,1,,,,,,,,,,,,,,,,,,,,1,0,0,,,
35f72e3a-4065-59a4-ad18-ee6db51c98eb,1912-04-29,0,Wilson,,Tyler,cf,7,3,0,,0,,,,,,,,,,,,,,,,,,,,0,0,0,,,
35f72e3a-4065-59a4-ad18-ee6db51c98eb,1912-04-29,0,Tisher,,Tyler,lf,8,3,0,,1,,,,,,,,,,,,,,,,,,,,2,0,0,,,
35f72e3a-4065-59a4-ad18-ee6db51c98eb,1912-04-29,0,Hakeman,,Tyler,p,9,3,0,,0,,,,,,,,,,,,9,,,8,3,,,,1,1,0,,,
35f72e3a-4065-59a4-ad18-ee6db51c98eb,1912-04-29,0,TOTALS,,Tyler,,,31,2,,7,,,,,,,,,,6,1,,,,,,,,,24,16,0,,,
5f0a5f8d-9eb2-5a96-a56f-b6cc90026ddd,1912-04-29,0,Baker,,Bonham,lf,1,3,1,,0,,,,,,,,,,,,,,,,,,,,0,0,0,,,
5f0a5f8d-9eb2-5a96-a56f-b6cc90026ddd,1912-04-29,0,Roach,,Bonham,3b,2,4,1,,1,,,,,,,1,,,,,,,,,,,,,1,0,0,,,
5f0a5f8d-9eb2-5a96-a56f-b6cc90026ddd,1912-04-29,0,Lambert,,Bonham,rf,3,4,2,,3,,2,,,,,1,1,1,,,,,,,,,,,2,1,0,1,,
5f0a5f8d-9eb2-5a96-a56f-b6cc90026ddd,1912-04-29,0,Welch,,Bonham,cf,4,4,2,,0,,,,,,,,,2,,,,,,,,,,,0,0,0,,,
5f0a5f8d-9eb2-5a96-a56f-b6cc90026ddd,1912-04-29,0,Leslie,,Bonham,2b,5,4,0,,3,,,,,,,,,1,,,,,,,,,,,2,3,5,,,
5f0a5f8d-9eb2-5a96-a56f-b6cc90026ddd,1912-04-29,0,Landry,,Bonham,ss,6,2,1,,0,,,,,,,,,1,,,,,,,,,,,3,5,1,,,
5f0a5f8d-9eb2-5a96-a56f-b6cc90026ddd,1912-04-29,0,Yost,,Bonham,1b,7,4,1,,0,,,,,,,,,,,,,,,,,,,,11,1,0,1,,
5f0a5f8d-9eb2-5a96-a56f-b6cc90026ddd,1912-04-29,0,Scott,,Bonham,c,8,4,1,,2,1,,,,,,,,1,,,,,,,,,,,8,4,0,,,
5f0a5f8d-9eb2-5a96-a56f-b6cc90026ddd,1912-04-29,0,Matthews,,Bonham,p,9,3,0,,0,,,,,,,,,,,,,,,1,8,,,,0,3,0,,,
5f0a5f8d-9eb2-5a96-a56f-b6cc90026ddd,1912-04-29,0,TOTALS,,Bonham,,,32,9,4,9,,,,,,,,,,8,2,,,,,,,,,27,17,6,,,
5f0a5f8d-9eb2-5a96-a56f-b6cc90026ddd,1912-04-29,0,Kerr,,McKinney,2b,1,4,1,,0,,,,,,,,,,,,,,,,,,,,2,1,0,,,
5f0a5f8d-9eb2-5a96-a56f-b6cc90026ddd,1912-04-29,0,Peeler,,McKinney,p,10,3,0,,1,,,,,,,,,,,,,,6,2,5,,,,0,0,0,,,
5f0a5f8d-9eb2-5a96-a56f-b6cc90026ddd,1912-04-29,0,Thebo,,McKinney,3b,2,3,0,,0,,,,,,,1,,,,,,,,,,,,,1,1,0,,,
5f0a5f8d-9eb2-5a96-a56f-b6cc90026ddd,1912-04-29,0,Goss,,McKinney,lf,3,4,0,,2,,,,,,,,,,,,,,,,,,,,1,0,0,,,
5f0a5f8d-9eb2-5a96-a56f-b6cc90026ddd,1912-04-29,0,Pennell,A.,McKinney,rf,4,4,0,,1,1,,,,,,,,,,,,,,,,,,,1,0,1,,,
5f0a5f8d-9eb2-5a96-a56f-b6cc90026ddd,1912-04-29,0,White,,McKinney,c,5,4,1,,1,1,,,,,,,,,,,,,,,,,,,7,3,0,,,
5f0a5f8d-9eb2-5a96-a56f-b6cc90026ddd,1912-04-29,0,Pennell,B.,McKinney,cf,6,3,0,,0,,,,,,,1,,,,,,,,,,,,,2,0,0,,,
5f0a5f8d-9eb2-5a96-a56f-b6cc90026ddd,1912-04-29,0,Spruce,,McKinney,ss,7,3,0,,0,,,,,,,,,,,,,,,,,,,,3,2,0,,,
5f0a5f8d-9eb2-5a96-a56f-b6cc90026ddd,1912-04-29,0,McMillin,,McKinney,1b,8,3,1,,1,,,,,,,,,,,,,,,,,,,,7,0,1,,,
5f0a5f8d-9eb2-5a96-a56f-b6cc90026ddd,1912-04-29,0,Carpenter,,McKinney,p,9,1,0,,0,,,,,,,,,,,,,,3,2,2,,,,1,0,0,,,
5f0a5f8d-9eb2-5a96-a56f-b6cc90026ddd,1912-04-29,0,TOTALS,,McKinney,,,32,2,1,6,,,,,,,,,,7,4,,,,,,,,,24,8,2,,,
6c1cff85-6c39-528e-bdf8-e63b5a4fbfe5,1912-04-29,0,Epling,,Durant,2b,1,5,0,,1,1,,,,,,,,,,,,,,,,,,,4,1,1,1,,
6c1cff85-6c39-528e-bdf8-e63b5a4fbfe5,1912-04-29,0,Garrity,,Durant,ss,2,4,0,,0,,,,,,,,,,,,,,,,,,,,1,4,2,1,,
6c1cff85-6c39-528e-bdf8-e63b5a4fbfe5,1912-04-29,0,Mitchell,,Durant,1b,3,5,0,,0,,,,,,,,,,,,,,,,,,,,8,2,0,2,,
6c1cff85-6c39-528e-bdf8-e63b5a4fbfe5,1912-04-29,0,McCullum,,Durant,cf,4,2,1,,0,,,,,,,,,,,,,,,,,,,,3,0,0,,,
6c1cff85-6c39-528e-bdf8-e63b5a4fbfe5,1912-04-29,0,Tucker,,Durant,lf,5,4,1,,2,,,,,,,,,,,,,,,,,,,,1,1,0,1,,
6c1cff85-6c39-528e-bdf8-e63b5a4fbfe5,1912-04-29,0,Edmonds,,Durant,3b,6,3,0,,0,,,,,,,1,,,,,,,,,,,,,1,0,0,1,,
6c1cff85-6c39-528e-bdf8-e63b5a4fbfe5,1912-04-29,0,Gierhart,,Durant,rf,7,4,0,,3,2,,,,,,,,,,,,,,,,,,,1,0,0,,,
6c1cff85-6c39-528e-bdf8-e63b5a4fbfe5,1912-04-29,0,Kaiser,,Durant,c,8,4,0,,1,,,,,,,,,,,,,,,,,,,,5,1,0,1,,
6c1cff85-6c39-528e-bdf8-e63b5a4fbfe5,1912-04-29,0,Jones [Dur],,Durant,p,9,4,0,,0,,,,,,,,,,,,,,,2,4,,,,0,2,2,1,,
6c1cff85-6c39-528e-bdf8-e63b5a4fbfe5,1912-04-29,0,TOTALS,,Durant,,,35,2,1,7,,,,,,,,,,9,2,,,,,,,,,24,11,5,,,
6c1cff85-6c39-528e-bdf8-e63b5a4fbfe5,1912-04-29,0,Lawrence,,Wichita Falls,3b,1,4,2,,2,,,,,,,,,,,,,,,,,,,,0,1,0,,,
6c1cff85-6c39-528e-bdf8-e63b5a4fbfe5,1912-04-29,0,Myers,,Wichita Falls,p,10,4,1,,1,,,,,,,,,,,,,,,3,9,,,,1,1,0,,,
6c1cff85-6c39-528e-bdf8-e63b5a4fbfe5,1912-04-29,0,Morris,,Wichita Falls,rf,2,3,0,,1,1,,,,,1,1,,,,,,,,,,,,,4,0,0,,,
6c1cff85-6c39-528e-bdf8-e63b5a4fbfe5,1912-04-29,0,Phillips,,Wichita Falls,2b,3,5,0,,1,,,,,,,,,,,,,,,,,,,,1,3,1,,,
6c1cff85-6c39-528e-bdf8-e63b5a4fbfe5,1912-04-29,0,Guthrie,,Wichita Falls,lf,4,4,1,,1,,,,,,,,,,,,,,,,,,,,1,0,0,,,
6c1cff85-6c39-528e-bdf8-e63b5a4fbfe5,1912-04-29,0,Clark,,Wichita Falls,ss,5,3,1,,2,1,,,,,,,,1,,,,,,,,,,,0,1,1,,,
6c1cff85-6c39-528e-bdf8-e63b5a4fbfe5,1912-04-29,0,Mullins,F. P.,Wichita Falls,cf,6,0,0,,0,,,,,,,,,,,,,,,,,,,,0,0,0,,,
6c1cff85-6c39-528e-bdf8-e63b5a4fbfe5,1912-04-29,0,Mullins,O. V.,Wichita Falls,cf,7,4,1,,1,,,,,,,,,,,,,,,,,,,,1,1,0,1,,
6c1cff85-6c39-528e-bdf8-e63b5a4fbfe5,1912-04-29,0,Jones [WF],,Wichita Falls,1b,8,4,0,,1,,,,,,,,,,,,,,,,,,,,11,1,1,1,,
6c1cff85-6c39-528e-bdf8-e63b5a4fbfe5,1912-04-29,0,Naylor,,Wichita Falls,c,9,4,1,,1,1,,,,,,,,,,,,,,,,,,,8,1,0,,,
6c1cff85-6c39-528e-bdf8-e63b5a4fbfe5,1912-04-29,0,TOTALS,,Wichita Falls,,,35,7,5,11,,,,,,,,,,7,3,,,,,,,,,27,9,3,,,
c019424b-df8f-58b9-a0cf-a7823dabd349,1912-04-29,0,Gowan,,Marshall,cf,1,4,0,,0,,,,,,,,,,,,,,,,,,,,0,0,1,,,
c019424b-df8f-58b9-a0cf-a7823dabd349,1912-04-29,0,Stapleton,,Marshall,3b,2,4,1,,2,,,,,,,,,,,,,,,,,,,,2,2,0,,,
c019424b-df8f-58b9-a0cf-a7823dabd349,1912-04-29,0,Pappe,,Marshall,ss,3,4,0,,0,,,,,,,,,,,,,,,,,,,,3,5,0,,,
c019424b-df8f-58b9-a0cf-a7823dabd349,1912-04-29,0,Blanchette,,Marshall,1b,4,3,1,,1,,,2,,,,,,,,,,,,,,,,,10,0,0,,,
c019424b-df8f-58b9-a0cf-a7823dabd349,1912-04-29,0,Nagel,,Marshall,rf,5,1,0,,0,,,,,,,1,,,,,,,,,,,,,0,0,0,,,
c019424b-df8f-58b9-a0cf-a7823dabd349,1912-04-29,0,Stribbel,,Marshall,2b,6,3,0,,0,,,,,,,,,,,,,,,,,,,,1,3,0,,,
c019424b-df8f-58b9-a0cf-a7823dabd349,1912-04-29,0,Ballingal,,Marshall,lf,7,2,0,,1,,,,,,,,,,,,,,,,,,,,1,0,0,,,
c019424b-df8f-58b9-a0cf-a7823dabd349,1912-04-29,0,Short,,Marshall,c,8,3,0,,0,,,,,,,,,,,,,,,,,,,,9,0,0,,,
c019424b-df8f-58b9-a0cf-a7823dabd349,1912-04-29,0,Kane,,Marshall,p,9,3,0,,0,,,,,,,,,,,,9,,4,2,7,,,,1,9,0,,,
c019424b-df8f-58b9-a0cf-a7823dabd349,1912-04-29,0,TOTALS,,Marshall,,,27,2,,4,,,,,,,,,,,,,,,,,,,,27,19,1,,,
c019424b-df8f-58b9-a0cf-a7823dabd349,1912-04-29,0,Cella,,Texarkana,lf,1,4,0,,0,,,,,,,,,,,,,,,,,,,,2,0,1,,,
c019424b-df8f-58b9-a0cf-a7823dabd349,1912-04-29,0,Stegall,,Texarkana,3b,2,4,0,,1,1,,,,,,,,,,,,,,,,,,,0,2,1,,,
c019424b-df8f-58b9-a0cf-a7823dabd349,1912-04-29,0,Jordan,,Texarkana,c,3,2,1,,0,,,,,,,1,,,,,,,,,,,,,7,1,0,,,
c019424b-df8f-58b9-a0cf-a7823dabd349,1912-04-29,0,Houlihan,,Texarkana,1b,4,3,0,,1,,,,,,,1,,,,,,,,,,,,,10,1,0,,,
c019424b-df8f-58b9-a0cf-a7823dabd349,1912-04-29,0,Hadson,,Texarkana,2b,5,3,0,,0,,,,,,,,,,,,,,,,,,,,0,5,0,,,
c019424b-df8f-58b9-a0cf-a7823dabd349,1912-04-29,0,Barker,,Texarkana,cf,6,2,0,,0,,,,,,,1,,,,,,,,,,,,,0,0,0,,,
c019424b-df8f-58b9-a0cf-a7823dabd349,1912-04-29,0,Allen,,Texarkana,rf,7,3,0,,1,,,,,,,,,,,,,,,,,,,,1,0,0,,,
c019424b-df8f-58b9-a0cf-a7823dabd349,1912-04-29,0,Prudhomme,,Texarkana,ss,8,3,0,,0,,,,,,,,,,,,,,,,,,,,2,2,0,,,
c019424b-df8f-58b9-a0cf-a7823dabd349,1912-04-29,0,McKinnen,,Texarkana,p,9,1,0,,0,,,,,,,1,,,,,8,,4,2,7,,1,,2,7,0,,,
c019424b-df8f-58b9-a0cf-a7823dabd349,1912-04-29,0,TOTALS,,Texarkana,,,25,1,,3,,,,,,,,,,,,,,,,,,,,24,18,2,,,
cbe95fa2-5ff6-52e5-b290-87985c4719d3,1912-04-29,0,Sheffield,,Longview,3b,1,3,1,,0,,,,,,,,,,,,,,,,,,,,0,1,1,,,
cbe95fa2-5ff6-52e5-b290-87985c4719d3,1912-04-29,0,Phillips,,Longview,p,10,3,0,,0,,,,,,,,,,,,,,,1,8,,,,1,5,0,,,
cbe95fa2-5ff6-52e5-b290-87985c4719d3,1912-04-29,0,White,,Longview,ss,2,3,0,,1,,,,,,,1,,1,,,,,,,,,,,0,3,0,,,
cbe95fa2-5ff6-52e5-b290-87985c4719d3,1912-04-29,0,Johns,,Longview,2b,4,4,0,,0,,,,,,,,,,,,,,,,,,,,0,3,0,,,
cbe95fa2-5ff6-52e5-b290-87985c4719d3,1912-04-29,0,Hardy,,Longview,1b,5,3,0,,0,,,,,,,,,,,,,,,,,,,,14,1,0,,,
cbe95fa2-5ff6-52e5-b290-87985c4719d3,1912-04-29,0,Trammel,,Longview,1b,6,1,0,,0,,,,,,,,,,,,,,,,,,,,2,0,0,,,
cbe95fa2-5ff6-52e5-b290-87985c4719d3,1912-04-29,0,Spear,,Longview,c,7,4,0,,0,,,,,,,,,,,,,,,,,,,,9,0,0,,,1
cbe95fa2-5ff6-52e5-b290-87985c4719d3,1912-04-29,0,Crosby,,Longview,cf,8,4,0,,0,,,,,,,,,,,,,,,,,,,,1,0,0,,,
cbe95fa2-5ff6-52e5-b290-87985c4719d3,1912-04-29,0,Hoffman,,Longview,lf,9,4,0,,1,1,,,,,,,,,,,,,,,,,,,3,0,0,,,
cbe95fa2-5ff6-52e5-b290-87985c4719d3,1912-04-29,0,TOTALS,,Longview,,,32,1,,3,,,,,,,,,,,,,,,,,,,,30,14,1,,,
cbe95fa2-5ff6-52e5-b290-87985c4719d3,1912-04-29,0,Bettison,,Paris,c,1,5,0,,0,,,,,,,,,,,,,,,,,,,,7,2,1,,,
cbe95fa2-5ff6-52e5-b290-87985c4719d3,1912-04-29,0,Adams,,Paris,ph-p,10,1,0,,1,,,,,,,,,,,,,,,,,,,,0,0,0,,,
cbe95fa2-5ff6-52e5-b290-87985c4719d3,1912-04-29,0,Holliday,,Paris,2b,2,5,0,,0,,,,,,,1,,,,,,,,,,,,,1,3,1,,,
cbe95fa2-5ff6-52e5-b290-87985c4719d3,1912-04-29,0,Sherwood,,Paris,ss,3,2,0,,0,,,,,,,1,,,,,,,,,,,,,2,3,1,,,
cbe95fa2-5ff6-52e5-b290-87985c4719d3,1912-04-29,0,Lawson,,Paris,rf,4,4,0,,1,,,,,,,,,,,,,,,,,,,,1,1,0,1,,
cbe95fa2-5ff6-52e5-b290-87985c4719d3,1912-04-29,0,Wood,,Paris,3b,5,4,0,,0,,,,,,,,,,,,,,,,,,,,1,2,1,1,,
cbe95fa2-5ff6-52e5-b290-87985c4719d3,1912-04-29,0,Mathias,L.,Paris,1b,6,4,0,,0,,,,,,,,,,,,,,,,,,,,14,0,0,,,
cbe95fa2-5ff6-52e5-b290-87985c4719d3,1912-04-29,0,Mathias,E.,Paris,lf,7,4,0,,1,1,,,,,,,,,,,,,,,,,,,0,0,0,,,
cbe95fa2-5ff6-52e5-b290-87985c4719d3,1912-04-29,0,Dowlin,,Paris,cf,8,4,1,,1,1,,,,,,,,,,,,,,,,,,,4,0,1,,,
cbe95fa2-5ff6-52e5-b290-87985c4719d3,1912-04-29,0,Collins,,Paris,p,9,3,0,,2,,,,,,,,,,,,,,,1,7,,,,0,4,0,,,
cbe95fa2-5ff6-52e5-b290-87985c4719d3,1912-04-29,0,TOTALS,,Paris,,,36,1,,6,,,,,,,,,,,,,,,,,,,,30,15,5,,,
f617133f-b535-5942-a45f-09347f234270,1912-04-29,0,Lewis,,Greenville,lf,1,4,0,,0,,,,,,,,,,,,,,,,,,,,1,0,0,,,
f617133f-b535-5942-a45f-09347f234270,1912-04-29,0,Flynn,D.,Greenville,ph,10,1,0,,0,,,,,,,,,,,,,,,,,,,,0,0,0,,,
f617133f-b535-5942-a45f-09347f234270,1912-04-29,0,Pickens,,Greenville,2b,2,4,1,,2,,,,,,,,,2,,,,,,,,,,,2,2,1,,,
f617133f-b535-5942-a45f-09347f234270,1912-04-29,0,Wakefield,,Greenville,cf,3,4,0,,0,,,,,,,1,,,,,,,,,,,,,2,0,0,,,
f617133f-b535-5942-a45f-09347f234270,1912-04-29,0,Flynn,F.,Greenville,1b,4,4,0,,0,,,,,,,,,,,,,,,,,,,,10,0,0,,,
f617133f-b535-5942-a45f-09347f234270,1912-04-29,0,Dishareen,,Greenville,ss,5,3,0,,0,,,,,,,,,,,,,,,,,,,,1,2,0,,,
f617133f-b535-5942-a45f-09347f234270,1912-04-29,0,Kitchens,,Greenville,c,6,1,0,,0,,,,,,1,,,1,,,,,,,,,,,6,2,1,,,
f617133f-b535-5942-a45f-09347f234270,1912-04-29,0,Barnett,,Greenville,rf-p,7,3,0,,0,,,,,,,,,,,,6,2,5,3,1,,,,0,4,1,,,
f617133f-b535-5942-a45f-09347f234270,1912-04-29,0,Atkins,,Greenville,3b,8,3,0,,0,,,,,,,,,,,,,,,,,,,,1,1,0,,,
f617133f-b535-5942-a45f-09347f234270,1912-04-29,0,Adams,,Greenville,p-rf,9,2,0,,0,,,,,,,,,,,,2,5,2,3,3,,,,1,1,1,,,
f617133f-b535-5942-a45f-09347f234270,1912-04-29,0,TOTALS,,Greenville,,,29,1,,2,,,,,,,,,,3,2,,,,,,,,,24,12,4,,,
f617133f-b535-5942-a45f-09347f234270,1912-04-29,0,Reed,,Sherman,2b,1,3,2,,0,,,,,,,1,,1,,,,,,,,,,,1,3,0,,,
f617133f-b535-5942-a45f-09347f234270,1912-04-29,0,Dooley,,Sherman,lf,2,4,1,,1,1,,,,,,1,,1,,,,,,,,,,,0,0,0,,,
f617133f-b535-5942-a45f-09347f234270,1912-04-29,0,Williamson,,Sherman,cf,3,5,0,,1,,,,,,,,,,,,,,,,,,,,0,0,0,,,
f617133f-b535-5942-a45f-09347f234270,1912-04-29,0,Rayburn,,Sherman,1b,4,4,0,,0,,,,,,,,,,,,,,,,,,,,12,0,1,,,
f617133f-b535-5942-a45f-09347f234270,1912-04-29,0,Humphreys,,Sherman,ss,5,2,1,,0,,,,,,,,,1,,,,,,,,,,,2,3,1,,,
f617133f-b535-5942-a45f-09347f234270,1912-04-29,0,Witt,,Sherman,3b,6,4,1,,1,,,,,,,1,,,,,,,,,,,,,1,2,0,,,
f617133f-b535-5942-a45f-09347f234270,1912-04-29,0,Townsend,,Sherman,c,7,4,0,,0,,,,,,,1,1,,,,,,,,,,,,9,2,0,,,
f617133f-b535-5942-a45f-09347f234270,1912-04-29,0,Lamonica,,Sherman,rf,8,3,2,,1,1,,,,,,,,,,,,,,,,,,,1,0,0,,,
f617133f-b535-5942-a45f-09347f234270,1912-04-29,0,Grimes,,Sherman,p,9,4,0,,3,1,,,,,,,,,,,9,3,2,1,9,1,,,0,6,0,,,
f617133f-b535-5942-a45f-09347f234270,1912-04-29,0,TOTALS,,Sherman,,,33,7,,7,,,,,,,,,,3,3,,,,,,,,,27,16,2,,,
0b520ef8-d3e2-50d1-ab52-1c98ac995ce2,1912-04-30,0,Lewis,,Greenville,ss,1,3,1,,1,,,,,,,,,,,,,,,,,,,,0,3,3,,,
0b520ef8-d3e2-50d1-ab52-1c98ac995ce2,1912-04-30,0,Adams,,Greenville,p,10,2,0,,0,,,,,,,,,,,,4,7,5,1,3,1,,,1,0,0,,,
0b520ef8-d3e2-50d1-ab52-1c98ac995ce2,1912-04-30,0,Disharoon,,Greenville,ph,11,1,0,,0,,,,,,,,,,,,,,,,,,,,0,0,0,,,
0b520ef8-d3e2-50d1-ab52-1c98ac995ce2,1912-04-30,0,Barnett,,Greenville,ph,12,1,0,,0,,,,,,,,,,,,,,,,,,,,0,0,0,,,
0b520ef8-d3e2-50d1-ab52-1c98ac995ce2,1912-04-30,0,Harper,,Greenville,lf,2,4,0,,2,,1,,,,,,,,,,,,,,,,,,2,0,0,,,
0b520ef8-d3e2-50d1-ab52-1c98ac995ce2,1912-04-30,0,Wakefield,,Greenville,cf,3,4,1,,1,1,,,,,,,,1,,,,,,,,,,,0,0,0,,,
0b520ef8-d3e2-50d1-ab52-1c98ac995ce2,1912-04-30,0,Flynn,D.,Greenville,rf,4,4,0,,1,,,,,,,,,,,,,,,,,,,,2,0,0,,,
0b520ef8-d3e2-50d1-ab52-1c98ac995ce2,1912-04-30,0,Pickens,,Greenville,2b,5,4,0,,1,,,,,,,,,,,,,,,,,,,,2,2,2,,,
0b520ef8-d3e2-50d1-ab52-1c98ac995ce2,1912-04-30,0,Kitchens,,Greenville,1b,6,3,0,,1,,,,,,,,,,,,,,,,,,,,8,0,0,,,
0b520ef8-d3e2-50d1-ab52-1c98ac995ce2,1912-04-30,0,Robinson,,Greenville,c,7,4,0,,0,,,,,,,,,,,,,,,,,,,,6,3,1,,,
0b520ef8-d3e2-50d1-ab52-1c98ac995ce2,1912-04-30,0,Atkin,,Greenville,3b,8,3,0,,1,,,,,,,,,,,,,,,,,,,,3,0,0,,,
0b520ef8-d3e2-50d1-ab52-1c98ac995ce2,1912-04-30,0,Miller,,Greenville,p,9,1,0,,0,,,,,,,,,,,,4,3,4,1,2,1,,,0,1,0,,,
0b520ef8-d3e2-50d1-ab52-1c98ac995ce2,1912-04-30,0,TOTALS,,Greenville,,,34,2,,8,,,,,,,,,,7,,,,,,,,,,24,9,6,,,
0b520ef8-d3e2-50d1-ab52-1c98ac995ce2,1912-04-30,0,Reed,,Sherman,2b,1,3,1,,1,,,,,,,,,,,,,,,,,,,,4,5,0,2,,
0b520ef8-d3e2-50d1-ab52-1c98ac995ce2,1912-04-30,0,Humphries,,Sherman,ss,2,3,2,,1,,,,,,,2,,,,,,,,,,,,,2,5,0,,,
0b520ef8-d3e2-50d1-ab52-1c98ac995ce2,1912-04-30,0,Williamson,,Sherman,cf,3,4,2,,3,2,,,,,,,1,,,,,,,,,,,,2,0,0,,,
0b520ef8-d3e2-50d1-ab52-1c98ac995ce2,1912-04-30,0,Rayburn,,Sherman,1b,4,3,1,,0,,,,,,1,1,,,,,,,,,,,,,12,1,0,2,,
0b520ef8-d3e2-50d1-ab52-1c98ac995ce2,1912-04-30,0,Witt,,Sherman,3b,5,3,2,,0,,,,,,1,,,1,,,,,,,,,,,0,3,1,1,,
0b520ef8-d3e2-50d1-ab52-1c98ac995ce2,1912-04-30,0,Dooley,,Sherman,lf,6,3,1,,1,,,,,,,,,1,,,,,,,,,,,0,1,0,,,
0b520ef8-d3e2-50d1-ab52-1c98ac995ce2,1912-04-30,0,Townsend,,Sherman,c,7,4,0,,1,1,,,,,,,,1,,,,,,,,,,,5,1,0,,,
0b520ef8-d3e2-50d1-ab52-1c98ac995ce2,1912-04-30,0,Lamonica,,Sherman,rf,8,3,0,,1,,,,,,,1,,1,,,,,,,,,,,1,0,0,,,
0b520ef8-d3e2-50d1-ab52-1c98ac995ce2,1912-04-30,0,Roark,,Sherman,p,9,4,1,,1,,,,,,,,,,,,,,,2,4,,,,1,2,0,,,
0b520ef8-d3e2-50d1-ab52-1c98ac995ce2,1912-04-30,0,TOTALS,,Sherman,,,30,10,,9,,,,,,,,,,6,4,,,,,,,,,27,18,1,,,
1715551f-1250-5916-8c5b-db8a67927c11,1912-04-30,0,Baker,,Bonham,lf,1,3,1,,1,,,,,,,,,2,,,,,,,,,,,1,0,0,,,
1715551f-1250-5916-8c5b-db8a67927c11,1912-04-30,0,Roach,,Bonham,3b,2,4,1,,1,,,,,,,,,,,,,,,,,,,,1,1,0,,,
1715551f-1250-5916-8c5b-db8a67927c11,1912-04-30,0,Lambert,,Bonham,rf,3,3,1,,1,,,,,,,1,,1,,,,,,,,,,,1,0,0,,,
1715551f-1250-5916-8c5b-db8a67927c11,1912-04-30,0,Welch,,Bonham,cf,4,5,2,,2,,,,,,,,,1,,,,,,,,,,,0,0,0,,,
1715551f-1250-5916-8c5b-db8a67927c11,1912-04-30,0,Leslie,,Bonham,2b,5,3,1,,1,,,,,,,1,,,,,,,,,,,,,2,3,1,,,
1715551f-1250-5916-8c5b-db8a67927c11,1912-04-30,0,Landry,,Bonham,ss,6,3,1,,0,,,,,,,1,,1,,,,,,,,,,,1,1,2,,,
1715551f-1250-5916-8c5b-db8a67927c11,1912-04-30,0,Yost,,Bonham,1b,7,3,2,,1,1,,,,,,,,2,,,,,,,,,,,13,0,0,,,
1715551f-1250-5916-8c5b-db8a67927c11,1912-04-30,0,Scott,,Bonham,c,8,4,0,,3,,,,,,,,,1,,,,,,,,,,,8,1,0,,,
1715551f-1250-5916-8c5b-db8a67927c11,1912-04-30,0,Anderson,,Bonham,p,9,4,0,,0,,,,,,,,,,,,,,,,9,,,,0,5,1,,,
1715551f-1250-5916-8c5b-db8a67927c11,1912-04-30,0,TOTALS,,Bonham,,,32,9,4,10,,,,,,,,,,8,2,,,,,,,,,27,11,4,,,
1715551f-1250-5916-8c5b-db8a67927c11,1912-04-30,0,Kerr,,McKinney,2b,1,4,0,,0,,,,,,,,,,,,,,,,,,,,2,1,1,,,
1715551f-1250-5916-8c5b-db8a67927c11,1912-04-30,0,Dean,,McKinney,p,10,3,0,,0,,,,,,,,,,,,,,7,4,4,,1,,0,3,1,,,
1715551f-1250-5916-8c5b-db8a67927c11,1912-04-30,0,Thebo,,McKinney,3b,2,4,0,,0,,,,,,,,,,,,,,,,,,,,1,2,1,,,
1715551f-1250-5916-8c5b-db8a67927c11,1912-04-30,0,Goss,,McKinney,1b,3,4,0,,0,,,,,,,,,,,,,,,,,,,,7,1,0,1,,
1715551f-1250-5916-8c5b-db8a67927c11,1912-04-30,0,Pennell,A.,McKinney,rf,4,4,0,,0,,,,,,,,,,,,,,,,,,,,3,1,0,1,,
1715551f-1250-5916-8c5b-db8a67927c11,1912-04-30,0,White,,McKinney,c,5,3,0,,0,,,,,,,,,,,,,,,,,,,,7,1,0,,,
1715551f-1250-5916-8c5b-db8a67927c11,1912-04-30,0,Spencer,,McKinney,ss,6,3,0,,0,,,,,,,,,,,,,,,,,,,,1,1,2,,,
1715551f-1250-5916-8c5b-db8a67927c11,1912-04-30,0,Pennell,B.,McKinney,cf,7,3,0,,0,,,,,,,,,,,,,,,,,,,,0,0,0,,,
1715551f-1250-5916-8c5b-db8a67927c11,1912-04-30,0,McMillen,,McKinney,lf,8,3,0,,0,,,,,,,,,,,,,,,,,,,,2,0,0,,,
1715551f-1250-5916-8c5b-db8a67927c11,1912-04-30,0,Miller,,McKinney,p,9,0,0,,0,,,,,,,,,,,,,,3,,,,,,0,0,0,,,
1715551f-1250-5916-8c5b-db8a67927c11,1912-04-30,0,TOTALS,,McKinney,,,33,0,,0,,,,,,,,,,4,4,,,,,,,,,23,11,5,,,
2ae860c6-e3f4-5f09-8ac7-7e7bf1ba1403,1912-04-30,0,Fucich,,Holdenville,p,1,,,,,,,,,,,,,,,,,,,,,,,,,,,,,
2ae860c6-e3f4-5f09-8ac7-7e7bf1ba1403,1912-04-30,0,Webb,,Holdenville,c,2,,,,,,,,,,,,,,,,,,,,,,,,,,,,,
2ae860c6-e3f4-5f09-8ac7-7e7bf1ba1403,1912-04-30,0,TOTALS,,Holdenville,,,,6,,6,,,,,,,,,,,,,,,,,,,,,,2,,,
2ae860c6-e3f4-5f09-8ac7-7e7bf1ba1403,1912-04-30,0,Rayn,,McAlester,p,1,,,,,,,,,,,,,,,,,,,,,,,,,,,,,
2ae860c6-e3f4-5f09-8ac7-7e7bf1ba1403,1912-04-30,0,Miller,,McAlester,c,2,,,,,,,,,,,,,,,,,,,,,,,,,,,,,
2ae860c6-e3f4-5f09-8ac7-7e7bf1ba1403,1912-04-30,0,TOTALS,,McAlester,,,,5,,11,,,,,,,,,,,,,,,,,,,,,,5,,,
2da4a718-d4c1-5550-87d9-afea22d66f53,1912-04-30,0,Sheffield,,Longview,3b,1,6,3,,2,,,,,,,,,1,,,,,,,,,,,1,4,1,,,
2da4a718-d4c1-5550-87d9-afea22d66f53,1912-04-30,0,Appleton,,Longview,p,10,1,0,,1,,,,,,,,,,,,4,,,2,2,,,,1,0,1,,,
2da4a718-d4c1-5550-87d9-afea22d66f53,1912-04-30,0,Phillips,,Longview,p,11,1,1,,1,,,,,,,,,,,,3,,,3,,,,,0,1,0,,,
2da4a718-d4c1-5550-87d9-afea22d66f53,1912-04-30,0,Trammell,,Longview,ph-p,12,1,0,,0,,,,,,,,,,,,,,,,,,,,0,0,0,,,
2da4a718-d4c1-5550-87d9-afea22d66f53,1912-04-30,0,White,,Longview,ss,2,6,2,,1,,,,,,,,,,,,,,,,,,,,2,4,1,1,,
2da4a718-d4c1-5550-87d9-afea22d66f53,1912-04-30,0,Holliday,,Longview,rf,3,5,0,,2,1,,,,,,,,,,,,,,,,,,,2,1,0,,,
2da4a718-d4c1-5550-87d9-afea22d66f53,1912-04-30,0,Johns,,Longview,2b,4,5,0,,1,,,,,,,,,,,,,,,,,,,,4,3,0,1,,
2da4a718-d4c1-5550-87d9-afea22d66f53,1912-04-30,0,Crosby,,Longview,cf,5,3,1,,0,,,,,,2,,,,,,,,,,,,,,5,0,1,,,
2da4a718-d4c1-5550-87d9-afea22d66f53,1912-04-30,0,Merritt,,Longview,c,6,5,1,,2,,,,,,,,,,,,,,,,,,,,4,1,0,,,
2da4a718-d4c1-5550-87d9-afea22d66f53,1912-04-30,0,Hardy,,Longview,1b,7,5,1,,2,,,,,,,,,,,,,,,,,,,,13,0,0,1,,
2da4a718-d4c1-5550-87d9-afea22d66f53,1912-04-30,0,Hoffman,,Longview,lf,8,5,0,,0,,,,,,,,,,,,,,,,,,,,2,0,0,,,
2da4a718-d4c1-5550-87d9-afea22d66f53,1912-04-30,0,Broadus,,Longview,p,9,2,0,,1,,,,,,,,,,,,4,,,3,2,,,,0,1,0,,,
2da4a718-d4c1-5550-87d9-afea22d66f53,1912-04-30,0,TOTALS,,Longview,,,45,8,,13,,,,,,,,,,,,,,,,,,,,33,16,4,,,
2da4a718-d4c1-5550-87d9-afea22d66f53,1912-04-30,0,Bettison,,Paris,c,1,5,0,,1,,,,,,1,,,,,,,,,,,,,,2,3,1,,,1
2da4a718-d4c1-5550-87d9-afea22d66f53,1912-04-30,0,Hawker,,Paris,p,10,4,0,,0,,,,,,,,,,,,11,,,2,,,1,,0,4,1,,,
2da4a718-d4c1-5550-87d9-afea22d66f53,1912-04-30,0,Solliday,,Paris,2b-ss,2,5,0,,2,,,,,,,,,,,,,,,,,,,,5,4,3,2,,
2da4a718-d4c1-5550-87d9-afea22d66f53,1912-04-30,0,Sherwood,,Paris,ss,3,4,0,,1,,,,,,,,,,,,,,,,,,,,6,4,1,2,,
2da4a718-d4c1-5550-87d9-afea22d66f53,1912-04-30,0,Adams,,Paris,cf,4,1,0,,0,,,,,,,,,,,,,,,,,,,,1,1,0,,,
2da4a718-d4c1-5550-87d9-afea22d66f53,1912-04-30,0,Lawson,,Paris,cf-2b,5,4,1,,0,,,,,,,,,,,,,,,,,,,,1,1,2,,,
2da4a718-d4c1-5550-87d9-afea22d66f53,1912-04-30,0,Wood,,Paris,3b,6,3,2,,0,,,,,,1,,,,,,,,,,,,,,1,4,0,,,
2da4a718-d4c1-5550-87d9-afea22d66f53,1912-04-30,0,Mathias,L.,Paris,1b,7,6,0,,1,,,,,,,,,1,,,,,,,,,,,15,1,0,2,,
2da4a718-d4c1-5550-87d9-afea22d66f53,1912-04-30,0,Mathias,E.,Paris,lf,8,6,1,,2,,,,,,,,,,,,,,,,,,,,2,0,1,,,
2da4a718-d4c1-5550-87d9-afea22d66f53,1912-04-30,0,Dowlen,,Paris,rf,9,5,2,,3,,,1,,,,,,,,,,,,,,,,,0,0,0,,,
2da4a718-d4c1-5550-87d9-afea22d66f53,1912-04-30,0,TOTALS,,Paris,,,43,6,,10,,,,,,,,,,,,,,,,,,,,33,22,9,,,
3a25e7ea-ae44-5d89-8f43-fda982a1342e,1912-04-30,0,Epling,,Durant,3b,1,3,1,,1,,,,,,,1,,,,,,,,,,,,,2,0,0,1,,
3a25e7ea-ae44-5d89-8f43-fda982a1342e,1912-04-30,0,Green,,Durant,ph,10,1,0,,0,,,,,,,,,,,,,,,,,,,,0,0,0,,,
3a25e7ea-ae44-5d89-8f43-fda982a1342e,1912-04-30,0,McKinley,,Durant,ss,2,5,1,,1,,,,,,,,,,,,,,,,,,,,0,2,3,,,
3a25e7ea-ae44-5d89-8f43-fda982a1342e,1912-04-30,0,McCullum,,Durant,cf,3,4,0,,0,,,,,,,,,,,,,,,,,,,,1,0,0,,,
3a25e7ea-ae44-5d89-8f43-fda982a1342e,1912-04-30,0,Tucker,,Durant,lf,4,5,1,,1,,,,,,,,,,,,,,,,,,,,1,0,0,,,
3a25e7ea-ae44-5d89-8f43-fda982a1342e,1912-04-30,0,Mitchell,,Durant,1b,5,4,1,,2,,,,,,,,,,,,,,,,,,,,8,0,1,,,
3a25e7ea-ae44-5d89-8f43-fda982a1342e,1912-04-30,0,Edmonds,,Durant,3b,6,4,0,,2,1,,,,,,,,,,,,,,,,,,,3,0,1,,,
3a25e7ea-ae44-5d89-8f43-fda982a1342e,1912-04-30,0,Gerhart,,Durant,rf,7,4,0,,1,,,,,,,,,,,,,,,,,,,,0,0,1,,,
3a25e7ea-ae44-5d89-8f43-fda982a1342e,1912-04-30,0,Kaiser,,Durant,c,8,4,0,,2,1,,,,,,,,,,,,,,,,,,,9,0,0,1,,
3a25e7ea-ae44-5d89-8f43-fda982a1342e,1912-04-30,0,Deardorff,,Durant,p,9,4,0,,1,,,,,,,,,,,,,,,,8,,,,0,6,0,,,
3a25e7ea-ae44-5d89-8f43-fda982a1342e,1912-04-30,0,TOTALS,,Durant,,,38,4,4,11,,,,,,,,,,,,,,,,,,,,24,8,6,,,
3a25e7ea-ae44-5d89-8f43-fda982a1342e,1912-04-30,0,Lawrence,,Wichita Falls,3b,1,5,2,,2,,,,,,,,,2,,,,,,,,,,,4,3,1,,,
3a25e7ea-ae44-5d89-8f43-fda982a1342e,1912-04-30,0,Morris,,Wichita Falls,rf,2,5,1,,2,,1,,,,,,,,,,,,,,,,,,1,0,0,,,
3a25e7ea-ae44-5d89-8f43-fda982a1342e,1912-04-30,0,Phillips,,Wichita Falls,2b,3,4,1,,0,,,,,,,,,,,,,,,,,,,,0,1,0,,,
3a25e7ea-ae44-5d89-8f43-fda982a1342e,1912-04-30,0,Guthrie,,Wichita Falls,lf,4,3,1,,1,1,,,,,1,,,,,,,,,,,,,,2,0,0,,,
3a25e7ea-ae44-5d89-8f43-fda982a1342e,1912-04-30,0,Clark,,Wichita Falls,ss,5,3,0,,0,,,,,,,1,,,,,,,,,,,,,3,0,0,,,
3a25e7ea-ae44-5d89-8f43-fda982a1342e,1912-04-30,0,Naylor,,Wichita Falls,c,6,4,1,,3,,,,,,,,,1,,,,,,,,,,,5,1,0,,,
3a25e7ea-ae44-5d89-8f43-fda982a1342e,1912-04-30,0,Myers,,Wichita Falls,cf,7,4,0,,1,1,,,,,,,,,,,,,,,,,,,3,0,0,,,
3a25e7ea-ae44-5d89-8f43-fda982a1342e,1912-04-30,0,Carey,,Wichita Falls,1b,8,4,0,,0,,,,,,,,,,,,,,,,,,,,8,0,1,,,
3a25e7ea-ae44-5d89-8f43-fda982a1342e,1912-04-30,0,Mullins,,Wichita Falls,p,9,4,0,,0,,,,,,,,,,,,,,,1,5,,,,1,4,1,,,
3a25e7ea-ae44-5d89-8f43-fda982a1342e,1912-04-30,0,TOTALS,,Wichita Falls,,,36,6,4,9,,,,,,,,,,,,,,,,,,,,27,9,3,,,
5c977902-20dd-5dac-844b-3cdd56490bdd,1912-04-30,0,Gowan,,Marshall,cf,1,4,1,,2,1,1,,,,,,,,,,,,,,,,,,4,0,0,,,
5c977902-20dd-5dac-844b-3cdd56490bdd,1912-04-30,0,Stapleton,,Marshall,3b,2,4,0,,1,,,,,,,,,,,,,,,,,,,,0,2,0,,,
5c977902-20dd-5dac-844b-3cdd56490bdd,1912-04-30,0,Pappe,,Marshall,ss,3,4,1,,1,,,,,,,,,,,,,,,,,,,,2,3,0,,,
5c977902-20dd-5dac-844b-3cdd56490bdd,1912-04-30,0,Blanchette,,Marshall,1b,4,4,0,,2,1,,,,,,,,,,,,,,,,,,,8,2,0,,,
5c977902-20dd-5dac-844b-3cdd56490bdd,1912-04-30,0,Nagel,,Marshall,rf,5,2,0,,0,,,,,,,2,,,,,,,,,,,,,2,0,0,,,
5c977902-20dd-5dac-844b-3cdd56490bdd,1912-04-30,0,Stribbel,,Marshall,2b,6,3,0,,0,,,,,,,,,,,,,,,,,,,,2,2,1,,,
5c977902-20dd-5dac-844b-3cdd56490bdd,1912-04-30,0,Keifer,,Marshall,lf,7,3,0,,0,,,,,,,,,,,,,,,,,,,,1,0,0,,,
5c977902-20dd-5dac-844b-3cdd56490bdd,1912-04-30,0,Short,,Marshall,c,8,3,0,,0,,,,,,,,,,,,,,,,,,,,8,0,0,,,
5c977902-20dd-5dac-844b-3cdd56490bdd,1912-04-30,0,Guiterrez,,Marshall,p,9,3,0,,0,,,,,,,,,,,,9,,10,1,6,,1,,0,8,0,,,
5c977902-20dd-5dac-844b-3cdd56490bdd,1912-04-30,0,TOTALS,,Marshall,,,34,2,,6,,,,,,,,,,,,,,,,,,,,27,17,1,,,
5c977902-20dd-5dac-844b-3cdd56490bdd,1912-04-30,0,Cella,,Texarkana,lf,1,5,2,,2,,,,,,,,,,,,,,,,,,,,1,0,0,,,
5c977902-20dd-5dac-844b-3cdd56490bdd,1912-04-30,0,Stegall,,Texarkana,3b,2,3,0,,1,,,,,,,1,,,,,,,,,,,,,3,1,0,,,
5c977902-20dd-5dac-844b-3cdd56490bdd,1912-04-30,0,Jordan,,Texarkana,c,3,4,0,,2,2,,,,,,,,,,,,,,,,,,,5,1,0,,,
5c977902-20dd-5dac-844b-3cdd56490bdd,1912-04-30,0,Houlihan,,Texarkana,1b,4,4,0,,0,,,,,,,,,,,,,,,,,,,,12,0,0,,,
5c977902-20dd-5dac-844b-3cdd56490bdd,1912-04-30,0,Hudson,,Texarkana,2b,5,4,0,,0,,,,,,,,,,,,,,,,,,,,1,6,0,,,
5c977902-20dd-5dac-844b-3cdd56490bdd,1912-04-30,0,Barker,,Texarkana,cf,6,3,1,,0,,,,,,,,,,,,,,,,,,,,2,0,0,,,
5c977902-20dd-5dac-844b-3cdd56490bdd,1912-04-30,0,Allen,,Texarkana,rf,7,4,1,,3,,,,,,,,,,,,,,,,,,,,3,0,0,,,
5c977902-20dd-5dac-844b-3cdd56490bdd,1912-04-30,0,Prudhomme,,Texarkana,ss,8,4,1,,2,1,,,,,,,,,,,,,,,,,,,1,2,0,,,
5c977902-20dd-5dac-844b-3cdd56490bdd,1912-04-30,0,Hall,,Texarkana,p,9,4,0,,0,,,,,,,,,,,,9,,6,,5,,,,0,8,0,,,
5c977902-20dd-5dac-844b-3cdd56490bdd,1912-04-30,0,TOTALS,,Texarkana,,,35,5,,10,,,,,,,,,,,,,,,,,,,,27,18,0,,,
83e3518c-fb2f-5f5f-8c48-358c908c67b4,1912-04-30,0,Anderson,,Muskogee,p,1,,,,,,,,,,,,,,,,,,,,,,,,,,,,,
83e3518c-fb2f-5f5f-8c48-358c908c67b4,1912-04-30,0,Wilson,,Muskogee,c,2,,,,,,,,,,,,,,,,,,,,,,,,,,,,,
83e3518c-fb2f-5f5f-8c48-358c908c67b4,1912-04-30,0,TOTALS,,Muskogee,,,,0,,0,,,,,,,,,,,,,,,,,,,,,,4,,,
83e3518c-fb2f-5f5f-8c48-358c908c67b4,1912-04-30,0,Burnett,,Okmulgee,p,1,,,,,,,,,,,,,,,,,,,,,,,,,,,,,
83e3518c-fb2f-5f5f-8c48-358c908c67b4,1912-04-30,0,Jeffries,,Okmulgee,c,2,,,,,,,,,,,,,,,,,,,,,,,,,,,,,
83e3518c-fb2f-5f5f-8c48-358c908c67b4,1912-04-30,0,TOTALS,,Okmulgee,,,,5,,5,,,,,,,,,,,,,,,,,,,,,,0,,,
8bcd2d1a-2299-591a-8852-1dec8c990b93,1912-04-30,0,Krause,,Guthrie,p,1,,,,,,,,,,,,,,,,,,,,,,,,,,,,,
8bcd2d1a-2299-591a-8852-1dec8c990b93,1912-04-30,0,Erishman,,Guthrie,p,2,,,,,,,,,,,,,,,,,,,,,,,,,,,,,
8bcd2d1a-2299-591a-8852-1dec8c990b93,1912-04-30,0,Dooley,,Guthrie,c,3,,,,,,,,,,,,,,,,,,,,,,,,,,,,,
8bcd2d1a-2299-591a-8852-1dec8c990b93,1912-04-30,0,TOTALS,,Guthrie,,,,11,,11,,,,,,,,,,,,,,,,,,,,,,5,,,
8bcd2d1a-2299-591a-8852-1dec8c990b93,1912-04-30,0,Gabriel,,Tulsa,p,1,,,,,,,,,,,,,,,,,,,,,,,,,,,,,
8bcd2d1a-2299-591a-8852-1dec8c990b93,1912-04-30,0,Ferns,,Tulsa,p,2,,,,,,,,,,,,,,,,,,,,,,,,,,,,,
8bcd2d1a-2299-591a-8852-1dec8c990b93,1912-04-30,0,Henderson,,Tulsa,p,3,,,,,,,,,,,,,,,,,,,,,,,,,,,,,
8bcd2d1a-2299-591a-8852-1dec8c990b93,1912-04-30,0,Brown,,Tulsa,c,4,,,,,,,,,,,,,,,,,,,,,,,,,,,,,
8bcd2d1a-2299-591a-8852-1dec8c990b93,1912-04-30,0,TOTALS,,Tulsa,,,,8,,8,,,,,,,,,,,,,,,,,,,,,,6,,,
a65a8afd-8854-594a-bc38-98b7cfeba0a4,1912-04-30,0,Stone,,Anadarko,p,1,,,,,,,,,,,,,,,,,,,,,,,,,,,,,
a65a8afd-8854-594a-bc38-98b7cfeba0a4,1912-04-30,0,Gallagher,,Anadarko,c,2,,,,,,,,,,,,,,,,,,,,,,,,,,,,,
a65a8afd-8854-594a-bc38-98b7cfeba0a4,1912-04-30,0,TOTALS,,Anadarko,,,,1,,5,,,,,,,,,,,,,,,,,,,,,,5,,,
a65a8afd-8854-594a-bc38-98b7cfeba0a4,1912-04-30,0,Billings,,Oklahoma City,p,1,,,,,,,,,,,,,,,,,,,,,,,,,,,,,
a65a8afd-8854-594a-bc38-98b7cfeba0a4,1912-04-30,0,Crawford,,Oklahoma City,c,2,,,,,,,,,,,,,,,,,,,,,,,,,,,,,
a65a8afd-8854-594a-bc38-98b7cfeba0a4,1912-04-30,0,TOTALS,,Oklahoma City,,,,7,,8,,,,,,,,,,,,,,,,,,,,,,1,,,
c696939b-9ba9-55a4-b6a8-da107faccb75,1912-04-30,0,Woodward,,Ardmore,2b,1,3,0,,0,,,,,,,,,,,,,,,,,,,,1,1,0,,,
c696939b-9ba9-55a4-b6a8-da107faccb75,1912-04-30,0,McAvoy,,Ardmore,ss,2,2,2,,0,,,,,,,,,1,,,,,,,,,,,0,2,2,,,
c696939b-9ba9-55a4-b6a8-da107faccb75,1912-04-30,0,Gray,,Ardmore,1b,3,3,1,,2,,,,,,,1,,,,,,,,,,,,,11,1,1,1,,
c696939b-9ba9-55a4-b6a8-da107faccb75,1912-04-30,0,Naylor,,Ardmore,rf,4,4,0,,1,,,,,,,,,,,,,,,,,,,,0,0,0,,,
c696939b-9ba9-55a4-b6a8-da107faccb75,1912-04-30,0,Sullivan,,Ardmore,cf,5,4,1,,1,1,,,,,,,,,,,,,,,,,,,12,1,0,1,,
c696939b-9ba9-55a4-b6a8-da107faccb75,1912-04-30,0,Calliwell,,Ardmore,lf,6,3,0,,0,,,,,,,1,,,,,,,,,,,,,4,0,0,,,
c696939b-9ba9-55a4-b6a8-da107faccb75,1912-04-30,0,Patterson,,Ardmore,3b,7,4,0,,0,,,,,,,,,,,,,,,,,,,,0,0,0,,,
c696939b-9ba9-55a4-b6a8-da107faccb75,1912-04-30,0,Ballew,,Ardmore,c,8,3,0,,0,,,,,,,,,1,,,,,,,,,,,7,1,0,,,
c696939b-9ba9-55a4-b6a8-da107faccb75,1912-04-30,0,Hopkins,,Ardmore,p,9,2,0,,0,,,,,,,,,,,,,,,,6,,,,1,6,0,,,
c696939b-9ba9-55a4-b6a8-da107faccb75,1912-04-30,0,TOTALS,,Ardmore,,,27,4,,4,,,,,,,,,,7,,,,,,,,,,26,12,3,,,
c696939b-9ba9-55a4-b6a8-da107faccb75,1912-04-30,0,Brooks,,Denison,ss,1,4,1,,1,,,,,,,,,,,,,,,,,,,,1,4,2,,,
c696939b-9ba9-55a4-b6a8-da107faccb75,1912-04-30,0,Bobo,,Denison,c,2,3,0,,0,,,,,,,1,,,,,,,,,,,,,2,0,0,,,
c696939b-9ba9-55a4-b6a8-da107faccb75,1912-04-30,0,Covington,C.,Denison,lf,3,4,0,,2,,,,,,,,,,,,,,,,,,,,2,0,0,,,
c696939b-9ba9-55a4-b6a8-da107faccb75,1912-04-30,0,Clickinger,,Denison,rf,4,3,0,,1,,,,,,,1,,,,,,,,,,,,,0,0,0,,,
c696939b-9ba9-55a4-b6a8-da107faccb75,1912-04-30,0,Covington,B.,Denison,cf,5,4,0,,0,,,,,,,,,,,,,,,,,,,,1,0,0,,,
c696939b-9ba9-55a4-b6a8-da107faccb75,1912-04-30,0,Moore,,Denison,2b,6,4,0,,0,,,,,,,,,,,,,,,,,,,,1,5,0,,,
c696939b-9ba9-55a4-b6a8-da107faccb75,1912-04-30,0,Dupree,,Denison,3b,7,4,0,,0,,,,,,,,,,,,,,,,,,,,2,2,1,,,
c696939b-9ba9-55a4-b6a8-da107faccb75,1912-04-30,0,Covington,H.,Denison,1b,8,4,0,,1,,,,,,,,,,,,,,,,,,,,14,1,1,,,
c696939b-9ba9-55a4-b6a8-da107faccb75,1912-04-30,0,Laclair,,Denison,p,9,3,0,,0,,,,,,,,,,,,,,,5,2,,1,,1,4,0,,,
c696939b-9ba9-55a4-b6a8-da107faccb75,1912-04-30,0,TOTALS,,Denison,,,33,1,,5,,,,,,,,,,7,,,,,,,,,,24,16,4,,,
c6ef20e3-c9ef-5676-a49b-300984b3ae99,1912-04-30,0,Weber,,Cleburne,2b,1,5,1,,2,,,,,,,,,,,,,,,,,,,,1,4,0,,,
c6ef20e3-c9ef-5676-a49b-300984b3ae99,1912-04-30,0,Kerr,,Cleburne,p,10,4,1,,1,,,,,,,,,,,,,,,2,5,,,,0,2,0,,,
c6ef20e3-c9ef-5676-a49b-300984b3ae99,1912-04-30,0,Gardner,,Cleburne,lf-3b,2,5,1,,1,,,,,,,,,,,,,,,,,,,,0,0,0,,,
c6ef20e3-c9ef-5676-a49b-300984b3ae99,1912-04-30,0,Bessie,,Cleburne,rf,3,4,0,,1,,,,,,,,,,,,,,,,,,,,1,1,0,1,,
c6ef20e3-c9ef-5676-a49b-300984b3ae99,1912-04-30,0,Ritter,,Cleburne,c,4,5,0,,0,,,,,,,,,,,,,,,,,,,,5,1,0,,,
c6ef20e3-c9ef-5676-a49b-300984b3ae99,1912-04-30,0,Jutzie,,Cleburne,1b,5,5,1,,3,,,,,,,,,,,,,,,,,,,,15,0,1,1,,
c6ef20e3-c9ef-5676-a49b-300984b3ae99,1912-04-30,0,Sorrey,,Cleburne,ss,6,5,1,,2,,,,,,,,,,,,,,,,,,,,2,3,1,,,
c6ef20e3-c9ef-5676-a49b-300984b3ae99,1912-04-30,0,Adams,,Cleburne,cf,7,4,1,,2,,,,,,,,,,,,,,,,,,,,2,0,0,,,
c6ef20e3-c9ef-5676-a49b-300984b3ae99,1912-04-30,0,Perkins,,Cleburne,3b,8,2,1,,0,,,,,,,,,,,,,,,,,,,,1,4,1,,,
c6ef20e3-c9ef-5676-a49b-300984b3ae99,1912-04-30,0,Harbin,,Cleburne,lf,9,2,0,,1,1,,,,,,,,,,,,,,,,,,,0,0,0,,,
c6ef20e3-c9ef-5676-a49b-300984b3ae99,1912-04-30,0,TOTALS,,Cleburne,,,41,7,,13,,,,,,,,,,12,3,,,,,,,,,27,15,3,,,
c6ef20e3-c9ef-5676-a49b-300984b3ae99,1912-04-30,0,Johnson,,Tyler,rf,1,5,0,,0,,,,,,,,,,,,,,,,,,,,0,0,1,,,
c6ef20e3-c9ef-5676-a49b-300984b3ae99,1912-04-30,0,Moody,,Tyler,ss,2,5,2,,3,1,,,,,,,,,,,,,,,,,,,0,1,2,,,
c6ef20e3-c9ef-5676-a49b-300984b3ae99,1912-04-30,0,Campbell,,Tyler,1b,3,3,0,,1,,,,,,,,,,,,,,,,,,,,10,0,1,,,
c6ef20e3-c9ef-5676-a49b-300984b3ae99,1912-04-30,0,Buster,,Tyler,c,4,4,1,,2,,,,,,,,,,,,,,,,,,,,6,1,1,,,
c6ef20e3-c9ef-5676-a49b-300984b3ae99,1912-04-30,0,Kuvit,,Tyler,3b,5,3,1,,0,,,,,,,,,,,,,,,,,,,,0,1,0,,,
c6ef20e3-c9ef-5676-a49b-300984b3ae99,1912-04-30,0,Tisher,,Tyler,lf,6,3,1,,0,,,,,,,,,,,,,,,,,,,,2,0,0,,,
c6ef20e3-c9ef-5676-a49b-300984b3ae99,1912-04-30,0,Binghman,,Tyler,cf,7,3,1,,1,,,,,,,,,,,,,,,,,,,,2,0,0,,,
c6ef20e3-c9ef-5676-a49b-300984b3ae99,1912-04-30,0,Pruitt,,Tyler,2b,8,3,0,,1,1,,,,,,,,,,,,,,,,,,,4,3,0,,,
c6ef20e3-c9ef-5676-a49b-300984b3ae99,1912-04-30,0,Brown,,Tyler,p,9,4,0,,0,,,,,,,,,,,,,,,3,5,,,,0,4,0,,,
c6ef20e3-c9ef-5676-a49b-300984b3ae99,1912-04-30,0,TOTALS,,Tyler,,,33,6,,8,,,,,,,,,,4,3,,,,,,,,,24,10,5,,,
21b0e49f-96e1-5f49-9f66-fdfd23977e10,1912-05-01,0,Epling,,Durant,2b,1,3,3,,1,,,,,,1,,,,,,,,,,,,,,4,5,1,,,
21b0e49f-96e1-5f49-9f66-fdfd23977e10,1912-05-01,0,McKinley,,Durant,ss,2,3,0,,1,,,,,,,2,,,,,,,,,,,,,2,1,1,,,
21b0e49f-96e1-5f49-9f66-fdfd23977e10,1912-05-01,0,McCullum,,Durant,cf,3,3,1,,0,,,,,,1,,,,,,,,,,,,,,0,0,0,,,
21b0e49f-96e1-5f49-9f66-fdfd23977e10,1912-05-01,0,Tucker,,Durant,lf,4,5,1,,1,,,,,,,,,,,,,,,,,,,,1,0,0,,,
21b0e49f-96e1-5f49-9f66-fdfd23977e10,1912-05-01,0,Mitchell,,Durant,1b,5,5,1,,2,,,,,,,,,1,,,,,,,,,,,12,0,0,,,
21b0e49f-96e1-5f49-9f66-fdfd23977e10,1912-05-01,0,Edmonds,,Durant,3b,6,5,0,,0,,,,,,1,,,,,,,,,,,,,,1,0,2,,,
21b0e49f-96e1-5f49-9f66-fdfd23977e10,1912-05-01,0,Kaiser,,Durant,c,7,3,2,,1,,,1,,,,,,,,,,,,,,,,,7,2,0,,,1
21b0e49f-96e1-5f49-9f66-fdfd23977e10,1912-05-01,0,Garhart,,Durant,rf,8,5,1,,1,,,,,,,,,,,,,,,,,,,,0,0,0,,,
21b0e49f-96e1-5f49-9f66-fdfd23977e10,1912-05-01,0,Green,,Durant,p,9,5,1,,2,1,,,,,,,,,,,,,,3,8,,,,0,4,0,,,
21b0e49f-96e1-5f49-9f66-fdfd23977e10,1912-05-01,0,TOTALS,,Durant,,,37,10,2,9,,,,,,,,,,7,3,,,,,,,,,27,12,4,,,
21b0e49f-96e1-5f49-9f66-fdfd23977e10,1912-05-01,0,Lawrence,,Wichita Falls,3b,1,5,1,,1,,,,,,,,,,,,,,,,,,,,2,2,1,,,
21b0e49f-96e1-5f49-9f66-fdfd23977e10,1912-05-01,0,Mullens,O. V.,Wichita Falls,cf,10,2,1,,0,,,,,,,,,,,,,,,,,,,,0,0,0,,,
21b0e49f-96e1-5f49-9f66-fdfd23977e10,1912-05-01,0,Mullens,F. P.,Wichita Falls,1b,11,1,0,,1,,1,,,,,,,,,,,,,,,,,,4,0,0,,,
21b0e49f-96e1-5f49-9f66-fdfd23977e10,1912-05-01,0,Morris,,Wichita Falls,rf,2,4,0,,0,,,,,,,,,,,,,,,,,,,,1,0,0,,,
21b0e49f-96e1-5f49-9f66-fdfd23977e10,1912-05-01,0,Phillips,,Wichita Falls,2b,3,5,1,,0,,,,,,,,,,,,,,,,,,,,0,3,0,,,
21b0e49f-96e1-5f49-9f66-fdfd23977e10,1912-05-01,0,Guthrie,,Wichita Falls,lf,4,4,0,,1,1,,,,,,,,,,,,,,,,,,,2,0,0,,,
21b0e49f-96e1-5f49-9f66-fdfd23977e10,1912-05-01,0,Clark,,Wichita Falls,ss,5,3,0,,0,,,,,,,,,,,,,,,,,,,,1,2,1,,,
21b0e49f-96e1-5f49-9f66-fdfd23977e10,1912-05-01,0,Jones,,Wichita Falls,1b,6,3,0,,1,,,,,,,,,,,,,,,,,,,,6,1,2,,,
21b0e49f-96e1-5f49-9f66-fdfd23977e10,1912-05-01,0,Naylor,,Wichita Falls,c,7,4,0,,1,,,,,,,,,,,,,,,,,,,,8,1,1,,,
21b0e49f-96e1-5f49-9f66-fdfd23977e10,1912-05-01,0,Myers,,Wichita Falls,cf,8,2,0,,0,,,,,,,,,,,,,,,,,,,,0,0,0,,,
21b0e49f-96e1-5f49-9f66-fdfd23977e10,1912-05-01,0,Baxter,,Wichita Falls,p,9,3,0,,1,1,,,,,,,,,,,,,,4,8,,,,1,1,0,,,
21b0e49f-96e1-5f49-9f66-fdfd23977e10,1912-05-01,0,TOTALS,,Wichita Falls,,,36,3,,6,,,,,,,,,,10,3,,,,,,,,,25,10,5,,,
251cbd85-7dc4-55f3-878b-6a1ee2d413ca,1912-05-01,0,Jasper,,Anadarko,p,1,,,,,,,,,,,,,,,,,,,,,,,,,,,,,
251cbd85-7dc4-55f3-878b-6a1ee2d413ca,1912-05-01,0,Gallagher,,Anadarko,c,2,,,,,,,,,,,,,,,,,,,,,,,,,,,,,
251cbd85-7dc4-55f3-878b-6a1ee2d413ca,1912-05-01,0,TOTALS,,Anadarko,,,,10,,14,,,,,,,,,,,,,,,,,,,,,,7,,,
251cbd85-7dc4-55f3-878b-6a1ee2d413ca,1912-05-01,0,Langley,,Oklahoma City,p,1,,,,,,,,,,,,,,,,,,,,,,,,,,,,,
251cbd85-7dc4-55f3-878b-6a1ee2d413ca,1912-05-01,0,Crawford,,Oklahoma City,c,2,,,,,,,,,,,,,,,,,,,,,,,,,,,,,
251cbd85-7dc4-55f3-878b-6a1ee2d413ca,1912-05-01,0,TOTALS,,Oklahoma City,,,,1,,4,,,,,,,,,,,,,,,,,,,,,,3,,,
31fdbabb-8ce1-5921-ad94-8047a36661aa,1912-05-01,0,Tincup,,Muskogee,p,1,,,,,,,,,,,,,,,,,,,,,,,,,,,,,
31fdbabb-8ce1-5921-ad94-8047a36661aa,1912-05-01,0,Wilson,,Muskogee,c,2,,,,,,,,,,,,,,,,,,,,,,,,,,,,,
31fdbabb-8ce1-5921-ad94-8047a36661aa,1912-05-01,0,TOTALS,,Muskogee,,,,1,,4,,,,,,,,,,,,,,,,,,,,,,1,,,
31fdbabb-8ce1-5921-ad94-8047a36661aa,1912-05-01,0,Taylor,,Okmulgee,p,1,,,,,,,,,,,,,,,,,,,,,,,,,,,,,
31fdbabb-8ce1-5921-ad94-8047a36661aa,1912-05-01,0,Matticks,,Okmulgee,c,2,,,,,,,,,,,,,,,,,,,,,,,,,,,,,
31fdbabb-8ce1-5921-ad94-8047a36661aa,1912-05-01,0,TOTALS,,Okmulgee,,,,15,,15,,,,,,,,,,,,,,,,,,,,,,2,,,
4a579995-d5b4-5990-b5c6-8a3964e7b78d,1912-05-01,0,Baker,,Bonham,lf,1,4,0,,0,,,,,,,,,,,,,,,,,,,,0,0,0,,,
4a579995-d5b4-5990-b5c6-8a3964e7b78d,1912-05-01,0,Matthews,,Bonham,ph-p,10,1,0,,0,,,,,,,,,1,,,,,,,,,,,0,0,0,,,
4a579995-d5b4-5990-b5c6-8a3964e7b78d,1912-05-01,0,Russell,,Bonham,p,11,0,0,,0,,,,,,,,,,,,,,,,3,,,,0,0,0,,,
4a579995-d5b4-5990-b5c6-8a3964e7b78d,1912-05-01,0,Sporn,,Bonham,3b,2,3,0,,0,,,,,,,,,1,,,,,,,,,,,1,4,0,,,
4a579995-d5b4-5990-b5c6-8a3964e7b78d,1912-05-01,0,Lambert,,Bonham,rf,3,4,0,,2,1,,,,,,,,,,,,,,,,,,,1,0,1,,,
4a579995-d5b4-5990-b5c6-8a3964e7b78d,1912-05-01,0,Welch,,Bonham,cf,4,3,0,,0,,,,,,,1,,,,,,,,,,,,,1,0,0,,,
4a579995-d5b4-5990-b5c6-8a3964e7b78d,1912-05-01,0,Leslie,,Bonham,2b,5,3,1,,1,,,,,,,,,,,,,,,,,,,,0,1,1,,,
4a579995-d5b4-5990-b5c6-8a3964e7b78d,1912-05-01,0,Landry,,Bonham,ss,6,4,0,,3,1,,,,,,,,1,,,,,,,,,,,2,2,0,,,
4a579995-d5b4-5990-b5c6-8a3964e7b78d,1912-05-01,0,Yost,,Bonham,1b,7,4,0,,0,,,,,,,,,,,,,,,,,,,,13,1,0,,,
4a579995-d5b4-5990-b5c6-8a3964e7b78d,1912-05-01,0,Scott,,Bonham,c,8,3,0,,1,,,,,,,,,1,,,,,,,,,,,8,4,0,,,
4a579995-d5b4-5990-b5c6-8a3964e7b78d,1912-05-01,0,Wofford,,Bonham,p,9,2,0,,1,,,,,,,,,,,,,,,2,7,,1,,0,3,0,,,
4a579995-d5b4-5990-b5c6-8a3964e7b78d,1912-05-01,0,TOTALS,,Bonham,,,31,1,1,8,,,,,,,,,,6,,,,,,,,,,26,15,2,,,
4a579995-d5b4-5990-b5c6-8a3964e7b78d,1912-05-01,0,Spence,,McKinney,ss,1,4,0,,1,,,,,,,,,,,,,,,,,,,,2,3,0,,,
4a579995-d5b4-5990-b5c6-8a3964e7b78d,1912-05-01,0,Thebo,,McKinney,3b,2,4,0,,1,,,,,,,,,,,,,,,,,,,,1,0,0,,,
4a579995-d5b4-5990-b5c6-8a3964e7b78d,1912-05-01,0,White,,McKinney,rf,3,4,1,,0,,,,,,,,,,,,,,,,,,,,0,0,0,,,
4a579995-d5b4-5990-b5c6-8a3964e7b78d,1912-05-01,0,McMillan,,McKinney,2b,4,4,0,,0,,,,,,,,,,,,,,,,,,,,2,3,0,,,
4a579995-d5b4-5990-b5c6-8a3964e7b78d,1912-05-01,0,Pennell,B.,McKinney,cf,5,4,0,,0,,,,,,,,,,,,,,,,,,,,0,0,0,,,
4a579995-d5b4-5990-b5c6-8a3964e7b78d,1912-05-01,0,Bralley,,McKinney,c,6,3,0,,0,,,,,,,,,,,,,,,,,,,,11,0,0,,,
4a579995-d5b4-5990-b5c6-8a3964e7b78d,1912-05-01,0,Stergeon,,McKinney,1b,7,3,0,,0,,,,,,,,,,,,,,,,,,,,10,0,0,,,
4a579995-d5b4-5990-b5c6-8a3964e7b78d,1912-05-01,0,Crowell,,McKinney,lf,8,3,0,,1,,,,,,,,,1,,,,,,,,,,,0,0,0,,,
4a579995-d5b4-5990-b5c6-8a3964e7b78d,1912-05-01,0,Duffy,,McKinney,p,9,2,1,,0,,,,,,,,,,,,,,,1,7,,,,0,4,0,,,
4a579995-d5b4-5990-b5c6-8a3964e7b78d,1912-05-01,0,TOTALS,,McKinney,,,31,2,,3,,,,,,,,,,4,,,,,,,,,,26,10,0,,,
5bd861b7-8151-500d-a314-73b2a5351127,1912-05-01,0,Gowan,,Marshall,cf,1,4,1,,1,1,,,,,,,,,,,,,,,,,,,3,1,0,,,
5bd861b7-8151-500d-a314-73b2a5351127,1912-05-01,0,Stapleton,,Marshall,3b,2,4,0,,1,,,,,,,,,1,,,,,,,,,,,1,1,0,,,
5bd861b7-8151-500d-a314-73b2a5351127,1912-05-01,0,Pappe,,Marshall,ss,3,4,0,,1,,,,,,,,,1,,,,,,,,,,,0,2,1,,,
5bd861b7-8151-500d-a314-73b2a5351127,1912-05-01,0,Blanchette,,Marshall,1b,4,3,1,,2,,,1,,,,,,,,,,,,,,,,,7,0,0,,,
5bd861b7-8151-500d-a314-73b2a5351127,1912-05-01,0,Nagle,,Marshall,rf,5,4,1,,1,1,,,,,,,,,,,,,,,,,,,0,0,0,,,
5bd861b7-8151-500d-a314-73b2a5351127,1912-05-01,0,Stribbel,,Marshall,2b,6,3,0,,0,,,,,,,,,,,,,,,,,,,,4,5,0,,,
5bd861b7-8151-500d-a314-73b2a5351127,1912-05-01,0,Keifer,,Marshall,lf,7,2,0,,0,,,,,,1,,,,,,,,,,,,,,1,0,0,,,
5bd861b7-8151-500d-a314-73b2a5351127,1912-05-01,0,Short,,Marshall,c,8,3,0,,0,,,,,,,,,,,,,,,,,,,,11,2,0,,,2
5bd861b7-8151-500d-a314-73b2a5351127,1912-05-01,0,Rowland,,Marshall,p,9,3,0,,0,,,,,,,,,,,,9,,,2,10,,,,0,10,0,,,
5bd861b7-8151-500d-a314-73b2a5351127,1912-05-01,0,TOTALS,,Marshall,,,30,3,,6,,,,,,,,,,,,,,,,,,,,27,21,1,,,
5bd861b7-8151-500d-a314-73b2a5351127,1912-05-01,0,Cella,,Texarkana,lf,1,3,0,,0,,,,,,,,,,,,,,,,,,,,1,0,1,,,
5bd861b7-8151-500d-a314-73b2a5351127,1912-05-01,0,McKinnen,,Texarkana,p,10,1,0,,0,,,,,,,,,,,,1.1,,,,,,,,0,0,0,,,
5bd861b7-8151-500d-a314-73b2a5351127,1912-05-01,0,Stubbs,,Texarkana,p,11,3,0,,1,,,,,,,,,,,,6.2,,,1,6,,,,0,10,0,,,
5bd861b7-8151-500d-a314-73b2a5351127,1912-05-01,0,Stegall,,Texarkana,3b,2,4,1,,1,,,,,,,,,,,,,,,,,,,,0,0,0,,,
5bd861b7-8151-500d-a314-73b2a5351127,1912-05-01,0,Jordan,,Texarkana,c,3,3,0,,1,,,,,,1,,,,,,,,,,,,,,6,0,0,,,
5bd861b7-8151-500d-a314-73b2a5351127,1912-05-01,0,Houlihan,,Texarkana,1b,4,4,0,,0,,,,,,,,,,,,,,,,,,,,12,0,1,,,
5bd861b7-8151-500d-a314-73b2a5351127,1912-05-01,0,Hudson,,Texarkana,2b,5,4,0,,2,,,,,,,,,,,,,,,,,,,,1,9,0,,,
5bd861b7-8151-500d-a314-73b2a5351127,1912-05-01,0,Barker,,Texarkana,cf,6,3,0,,0,,,,,,,,,,,,,,,,,,,,0,1,0,,,
5bd861b7-8151-500d-a314-73b2a5351127,1912-05-01,0,Woods,,Texarkana,cf,7,1,0,,1,1,,,,,,,,,,,,,,,,,,,0,0,0,,,
5bd861b7-8151-500d-a314-73b2a5351127,1912-05-01,0,Allen,,Texarkana,rf,8,3,1,,1,,,,,,,,,,,,,,,,,,,,0,0,0,,,
5bd861b7-8151-500d-a314-73b2a5351127,1912-05-01,0,Prudhome,,Texarkana,ss,9,4,0,,1,1,,,,,,,,,,,,,,,,,,,4,1,0,,,
5bd861b7-8151-500d-a314-73b2a5351127,1912-05-01,0,TOTALS,,Texarkana,,,33,2,,8,,,,,,,,,,,,,,,,,,,,24,21,2,,,
6574ce56-6614-57b0-8478-0e5ab070632e,1912-05-01,0,Lowe,,Guthrie,p,1,,,,,,,,,,,,,,,,,,,,,,,,,,,,,
6574ce56-6614-57b0-8478-0e5ab070632e,1912-05-01,0,Atterbury,,Guthrie,p,2,,,,,,,,,,,,,,,,,,,,,,,,,,,,,
6574ce56-6614-57b0-8478-0e5ab070632e,1912-05-01,0,Dooley,,Guthrie,c,3,,,,,,,,,,,,,,,,,,,,,,,,,,,,,
6574ce56-6614-57b0-8478-0e5ab070632e,1912-05-01,0,TOTALS,,Guthrie,,,,12,,19,,,,,,,,,,,,,,,,,,,,,,3,,,
6574ce56-6614-57b0-8478-0e5ab070632e,1912-05-01,0,Kester,,Tulsa,p,1,,,,,,,,,,,,,,,,,,,,,,,,,,,,,
6574ce56-6614-57b0-8478-0e5ab070632e,1912-05-01,0,Henderson,,Tulsa,p,2,,,,,,,,,,,,,,,,,,,,,,,,,,,,,
6574ce56-6614-57b0-8478-0e5ab070632e,1912-05-01,0,Brown,,Tulsa,c,3,,,,,,,,,,,,,,,,,,,,,,,,,,,,,
6574ce56-6614-57b0-8478-0e5ab070632e,1912-05-01,0,TOTALS,,Tulsa,,,,13,,15,,,,,,,,,,,,,,,,,,,,,,5,,,
909ed6fa-0885-57e0-b78d-e129c3d45822,1912-05-01,0,Hill,,Holdenville,p,1,,,,,,,,,,,,,,,,,,,,,,,,,,,,,
909ed6fa-0885-57e0-b78d-e129c3d45822,1912-05-01,0,Webb,,Holdenville,c,2,,,,,,,,,,,,,,,,,,,,,,,,,,,,,
909ed6fa-0885-57e0-b78d-e129c3d45822,1912-05-01,0,TOTALS,,Holdenville,,,,13,,9,,,,,,,,,,,,,,,,,,,,,,7,,,
909ed6fa-0885-57e0-b78d-e129c3d45822,1912-05-01,0,Wise,,McAlester,p,1,,,,,,,,,,,,,,,,,,,,,,,,,,,,,
909ed6fa-0885-57e0-b78d-e129c3d45822,1912-05-01,0,Meyers,,McAlester,p,2,,,,,,,,,,,,,,,,,,,,,,,,,,,,,
909ed6fa-0885-57e0-b78d-e129c3d45822,1912-05-01,0,Bigsbe,,McAlester,p,3,,,,,,,,,,,,,,,,,,,,,,,,,,,,,
909ed6fa-0885-57e0-b78d-e129c3d45822,1912-05-01,0,Miller,,McAlester,c,4,,,,,,,,,,,,,,,,,,,,,,,,,,,,,
909ed6fa-0885-57e0-b78d-e129c3d45822,1912-05-01,0,TOTALS,,McAlester,,,,6,,7,,,,,,,,,,,,,,,,,,,,,,7,,,
aed22ce1-b855-5553-aed8-7fdc226a37f8,1912-05-01,0,Woodard,,Ardmore,2b-3b,1,4,2,,4,1,,,,,,,,1,,,,,,,,,,,1,3,0,,,
aed22ce1-b855-5553-aed8-7fdc226a37f8,1912-05-01,0,Cooke,,Ardmore,1b,10,1,1,,1,,,,,,,1,,1,,,,,,,,,,,7,0,0,1,,
aed22ce1-b855-5553-aed8-7fdc226a37f8,1912-05-01,0,McAvoy,,Ardmore,ss,2,3,1,,1,,,,,,,,,,,,,,,,,,,,0,0,0,,,
aed22ce1-b855-5553-aed8-7fdc226a37f8,1912-05-01,0,Gray,,Ardmore,1b-2b,3,4,1,,1,1,,,,,,,,,,,,,,,,,,,8,2,1,2,,
aed22ce1-b855-5553-aed8-7fdc226a37f8,1912-05-01,0,Naylor,,Ardmore,rf,4,5,0,,1,,,,,,,,,,,,,,,,,,,,1,0,0,,,
aed22ce1-b855-5553-aed8-7fdc226a37f8,1912-05-01,0,Sullivan,,Ardmore,cf,5,5,0,,0,,,,,,,,,,,,,,,,,,,,1,0,0,,,
aed22ce1-b855-5553-aed8-7fdc226a37f8,1912-05-01,0,Caldwell,,Ardmore,lf,6,4,0,,0,,,,,,,,,,,,,,,,,,,,0,0,0,,,
aed22ce1-b855-5553-aed8-7fdc226a37f8,1912-05-01,0,Patterson,,Ardmore,3b-c,7,3,0,,1,,,,,,,,,,,,,,,,,,,,2,3,3,1,,
aed22ce1-b855-5553-aed8-7fdc226a37f8,1912-05-01,0,Ballew,,Ardmore,c,8,4,0,,2,1,,,,,,,,,,,,,,,,,,,5,0,0,,,
aed22ce1-b855-5553-aed8-7fdc226a37f8,1912-05-01,0,Scott,,Ardmore,p,9,4,0,,0,,,,,,,,,,,,,,,1,5,,,,2,5,0,1,,
aed22ce1-b855-5553-aed8-7fdc226a37f8,1912-05-01,0,TOTALS,,Ardmore,,,35,5,,11,,,,,,,,,,10,,,,,,,,,,27,13,4,,,
aed22ce1-b855-5553-aed8-7fdc226a37f8,1912-05-01,0,Brooks,,Denison,ss,1,4,0,,2,,,,,,,,,,,,,,,,,,,,1,1,2,,,
aed22ce1-b855-5553-aed8-7fdc226a37f8,1912-05-01,0,Bobo,,Denison,c,2,3,0,,0,,,,,,,1,,,,,,,,,,,,,9,3,0,,,
aed22ce1-b855-5553-aed8-7fdc226a37f8,1912-05-01,0,Covington,C.,Denison,lf,3,4,1,,1,,,,,,,,,,,,,,,,,,,,1,0,0,,,
aed22ce1-b855-5553-aed8-7fdc226a37f8,1912-05-01,0,Clickinger,,Denison,rf,4,3,1,,0,,,,,,,,,,,,,,,,,,,,0,0,0,,,
aed22ce1-b855-5553-aed8-7fdc226a37f8,1912-05-01,0,Covington,B.,Denison,cf,5,4,1,,0,,,,,,,,,,,,,,,,,,,,1,0,0,,,
aed22ce1-b855-5553-aed8-7fdc226a37f8,1912-05-01,0,Moore,,Denison,2b,6,4,0,,0,,,,,,,,,,,,,,,,,,,,4,4,0,,,
aed22ce1-b855-5553-aed8-7fdc226a37f8,1912-05-01,0,Dupree,,Denison,3b,7,3,0,,0,,,,,,,,,,,,,,,,,,,,2,2,1,,,
aed22ce1-b855-5553-aed8-7fdc226a37f8,1912-05-01,0,Covington,H.,Denison,1b,8,3,0,,0,,,,,,,,,,,,,,,,,,,,8,0,1,,,
aed22ce1-b855-5553-aed8-7fdc226a37f8,1912-05-01,0,Tate,,Denison,p,9,3,1,,0,,,,,,,,,,,,,,,2,7,,1,,0,2,1,,,
aed22ce1-b855-5553-aed8-7fdc226a37f8,1912-05-01,0,TOTALS,,Denison,,,31,4,,3,,,,,,,,,,2,,,,,,,,,,26,12,5,,,
c6eb8b39-acf0-5e71-865f-a8393946ef24,1912-05-01,0,Pickens,,Greenville,2b,1,4,0,,0,,,,,,,,,,,,,,,,,,,,3,1,1,1,,
c6eb8b39-acf0-5e71-865f-a8393946ef24,1912-05-01,0,Barnett,,Greenville,p,10,2,0,,0,,,,,,,,,,,,3.1,4,6,,1,,,,0,1,0,,,
c6eb8b39-acf0-5e71-865f-a8393946ef24,1912-05-01,0,Robinson,,Greenville,c,11,2,0,,0,,,,,,,,,,,,,,,,,,,,2,0,0,,,
c6eb8b39-acf0-5e71-865f-a8393946ef24,1912-05-01,0,Lewis,,Greenville,rf,12,1,0,,0,,,,,,,,,,,,,,,,,,,,1,0,0,,,
c6eb8b39-acf0-5e71-865f-a8393946ef24,1912-05-01,0,Egby,,Greenville,3b,13,0,0,,0,,,,,,,,,,,,,,,,,,,,0,0,0,,,
c6eb8b39-acf0-5e71-865f-a8393946ef24,1912-05-01,0,Wakefield,,Greenville,cf,2,4,0,,0,,,,,,,,,,,,,,,,,,,,3,1,0,1,,
c6eb8b39-acf0-5e71-865f-a8393946ef24,1912-05-01,0,Flynn,D.,Greenville,c,3,2,0,,0,,,,,,,,,,,,,,,,,,,,3,1,0,,,
c6eb8b39-acf0-5e71-865f-a8393946ef24,1912-05-01,0,Kizziar,,Greenville,1b,4,3,0,,0,,,,,,,,,,,,,,,,,,,,9,1,0,2,,
c6eb8b39-acf0-5e71-865f-a8393946ef24,1912-05-01,0,Harper,,Greenville,lf,5,3,0,,0,,,,,,,,,,,,,,,,,,,,2,1,1,,,
c6eb8b39-acf0-5e71-865f-a8393946ef24,1912-05-01,0,Robertson,,Greenville,rf,6,2,0,,0,,,,,,,,,,,,,,,,,,,,1,0,0,,,
c6eb8b39-acf0-5e71-865f-a8393946ef24,1912-05-01,0,Disharoon,,Greenville,ss,7,3,0,,1,,,,,,,,,,,,,,,,,,,,0,3,4,1,,
c6eb8b39-acf0-5e71-865f-a8393946ef24,1912-05-01,0,Atkin,,Greenville,3b,8,1,0,,0,,,,,,,,,,,,,,,,,,,,0,0,1,,,
c6eb8b39-acf0-5e71-865f-a8393946ef24,1912-05-01,0,Flynn,F.,Greenville,p,9,1,0,,0,,,,,,,,,,,,4.2,0,7,2,3,,,,0,3,0,,,
c6eb8b39-acf0-5e71-865f-a8393946ef24,1912-05-01,0,TOTALS,,Greenville,,,28,0,,1,,,,,,,,,,3,,,,,,,,,,24,12,7,,,
c6eb8b39-acf0-5e71-865f-a8393946ef24,1912-05-01,0,Reed,,Sherman,2b,1,5,2,,2,,,,,,,,,1,,,,,,,,,,,1,2,0,,,
c6eb8b39-acf0-5e71-865f-a8393946ef24,1912-05-01,0,Humphries,,Sherman,ss,2,4,2,,3,,,,,,,1,,,,,,,,,,,,,1,1,0,,,
c6eb8b39-acf0-5e71-865f-a8393946ef24,1912-05-01,0,Williamson,,Sherman,cf,3,4,3,,2,,,1,,,,,,,,,,,,,,,,,2,0,0,,,
c6eb8b39-acf0-5e71-865f-a8393946ef24,1912-05-01,0,Rayburn,,Sherman,1b,4,4,1,,2,,,,,,,,,,,,,,,,,,,,8,0,0,,,
c6eb8b39-acf0-5e71-865f-a8393946ef24,1912-05-01,0,Witt,,Sherman,3b,5,5,0,,1,,,,,,,,,1,,,,,,,,,,,2,2,0,,,
c6eb8b39-acf0-5e71-865f-a8393946ef24,1912-05-01,0,Dooley,,Sherman,lf,6,5,0,,0,,,,,,,,,,,,,,,,,,,,1,0,0,,,
c6eb8b39-acf0-5e71-865f-a8393946ef24,1912-05-01,0,Townsend,,Sherman,c,7,3,2,,1,,,,,,,,,,,,,,,,,,,,11,0,0,,,
c6eb8b39-acf0-5e71-865f-a8393946ef24,1912-05-01,0,Lamonica,,Sherman,rf,8,3,0,,0,,,,,,,1,,,,,,,,,,,,,1,0,0,,,
c6eb8b39-acf0-5e71-865f-a8393946ef24,1912-05-01,0,Napier,,Sherman,p,9,4,1,,2,,,,,,,,,,,,,,,2,10,,,,0,2,0,,,
c6eb8b39-acf0-5e71-865f-a8393946ef24,1912-05-01,0,TOTALS,,Sherman,,,37,10,,13,,,,,,,,,,7,5,,,,,,,,,27,7,0,,,
da38c7d1-e9a2-5adf-955d-31d8d43d9b76,1912-05-01,0,Weber,,Cleburne,2b,1,4,0,,1,,,,,,,,,,,,,,,,,,,,2,4,0,,,
da38c7d1-e9a2-5adf-955d-31d8d43d9b76,1912-05-01,0,Kerr,,Cleburne,ph,10,0,0,,0,,,,,,,,,,,,,,,,,,,,0,0,0,,,
da38c7d1-e9a2-5adf-955d-31d8d43d9b76,1912-05-01,0,Garner,,Cleburne,3b,2,3,1,,1,,,,,,,,,,,,,,,,,,,,0,0,1,,,
da38c7d1-e9a2-5adf-955d-31d8d43d9b76,1912-05-01,0,Bessie,,Cleburne,rf,3,4,0,,1,,,,,,,,,,,,,,,,,,,,2,0,0,,,
da38c7d1-e9a2-5adf-955d-31d8d43d9b76,1912-05-01,0,Jutzie,,Cleburne,1b,4,4,0,,0,,,,,,,,,,,,,,,,,,,,8,0,2,,,
da38c7d1-e9a2-5adf-955d-31d8d43d9b76,1912-05-01,0,Sorrey,,Cleburne,ss,5,4,0,,0,,,,,,,,,,,,,,,,,,,,4,2,0,1,,
da38c7d1-e9a2-5adf-955d-31d8d43d9b76,1912-05-01,0,Adams,,Cleburne,lf,6,3,1,,1,1,,,,,,,,,,,,,,,,,,,3,0,1,,,
da38c7d1-e9a2-5adf-955d-31d8d43d9b76,1912-05-01,0,White,,Cleburne,cf,7,2,0,,1,,,,,,1,,,,,,,,,,,,,,2,0,0,,,
da38c7d1-e9a2-5adf-955d-31d8d43d9b76,1912-05-01,0,Ritter,,Cleburne,c,8,3,1,,1,,,,,,1,,,,,,,,,,,,,,6,3,0,1,,
da38c7d1-e9a2-5adf-955d-31d8d43d9b76,1912-05-01,0,Merrill,,Cleburne,p,9,4,0,,0,,,,,,,,,,,,9,,,1,3,,,,0,4,1,,,
da38c7d1-e9a2-5adf-955d-31d8d43d9b76,1912-05-01,0,TOTALS,,Cleburne,,,31,3,2,6,,,,,,,,,,7,1,,,,,,,,,27,13,5,,,
da38c7d1-e9a2-5adf-955d-31d8d43d9b76,1912-05-01,0,Johnson,,Tyler,rf,1,4,0,,0,,,,,,,,,,,,,,,,,,,,1,0,0,,,
da38c7d1-e9a2-5adf-955d-31d8d43d9b76,1912-05-01,0,Thompson,,Tyler,p,10,4,0,,1,,,,,,,,,,,,8.2,,,2,4,,,,0,1,1,,,
da38c7d1-e9a2-5adf-955d-31d8d43d9b76,1912-05-01,0,Feibert,,Tyler,p,11,0,0,,0,,,,,,,,,,,,0.1,,,,,,,,0,0,0,,,
da38c7d1-e9a2-5adf-955d-31d8d43d9b76,1912-05-01,0,Poindexter,,Tyler,cf,2,4,0,,1,,,,,,,,,,,,,,,,,,,,5,0,0,,,
da38c7d1-e9a2-5adf-955d-31d8d43d9b76,1912-05-01,0,Moody,,Tyler,ss,3,4,0,,0,,,,,,,,,,,,,,,,,,,,1,3,1,,,
da38c7d1-e9a2-5adf-955d-31d8d43d9b76,1912-05-01,0,Campbell,,Tyler,1b,4,4,1,,1,1,,,,,,,,,,,,,,,,,,,11,0,0,,,
da38c7d1-e9a2-5adf-955d-31d8d43d9b76,1912-05-01,0,Buster,,Tyler,c,5,3,1,,1,,,,,,,,,,,,,,,,,,,,5,1,0,,,
da38c7d1-e9a2-5adf-955d-31d8d43d9b76,1912-05-01,0,Kewitt,,Tyler,3b,6,4,0,,2,,,,,,,,,,,,,,,,,,,,0,2,0,,,
da38c7d1-e9a2-5adf-955d-31d8d43d9b76,1912-05-01,0,Tisher,,Tyler,lf,7,3,0,,0,,,,,,,,,,,,,,,,,,,,1,0,0,,,
da38c7d1-e9a2-5adf-955d-31d8d43d9b76,1912-05-01,0,Fruth,,Tyler,2b,8,0,0,,0,,,,,,,,,,,,,,,,,,,,0,1,0,,,
da38c7d1-e9a2-5adf-955d-31d8d43d9b76,1912-05-01,0,O'Neal,,Tyler,2b,9,3,0,,0,,,,,,,,,,,,,,,,,,,,1,2,0,,,
da38c7d1-e9a2-5adf-955d-31d8d43d9b76,1912-05-01,0,TOTALS,,Tyler,,,33,2,2,6,,,,,,,,,,7,4,,,,,,,,,25,10,2,,,
df4c68f5-f50e-5b16-ab40-aa238e1d3d95,1912-05-01,0,Sheffield,,Longview,3b,1,4,0,,1,1,,,,,,,,,,,,,,,,,,,1,0,3,,,
df4c68f5-f50e-5b16-ab40-aa238e1d3d95,1912-05-01,0,Trammel,,Longview,p,10,3,0,,1,1,,,,,,,,,,,,,,2,7,,,,0,5,0,,,
df4c68f5-f50e-5b16-ab40-aa238e1d3d95,1912-05-01,0,White,,Longview,ss,2,4,0,,0,,,,,,,,,,,,,,,,,,,,1,2,0,,,
df4c68f5-f50e-5b16-ab40-aa238e1d3d95,1912-05-01,0,Holliday,,Longview,rf,3,4,1,,2,1,,,,,,,,,,,,,,,,,,,2,0,0,,,
df4c68f5-f50e-5b16-ab40-aa238e1d3d95,1912-05-01,0,Johns,,Longview,2b,4,4,0,,0,,,,,,,,,,,,,,,,,,,,0,3,0,,,
df4c68f5-f50e-5b16-ab40-aa238e1d3d95,1912-05-01,0,Merritt,,Longview,c-1b,5,3,0,,0,,,,,,,,,,,,,,,,,,,,8,3,1,,,
df4c68f5-f50e-5b16-ab40-aa238e1d3d95,1912-05-01,0,Crosby,,Longview,cf,6,3,0,,0,,,,,,,,,,,,,,,,,,,,1,0,1,,,
df4c68f5-f50e-5b16-ab40-aa238e1d3d95,1912-05-01,0,Hardy,,Longview,1b,7,1,0,,0,,,,,,1,,,2,,,,,,,,,,,9,1,0,,,
df4c68f5-f50e-5b16-ab40-aa238e1d3d95,1912-05-01,0,Spear,,Longview,c,8,1,0,,1,,,,,,,,,,,,,,,,,,,,1,0,0,,,
df4c68f5-f50e-5b16-ab40-aa238e1d3d95,1912-05-01,0,Hoffman,,Longview,lf,9,4,0,,0,,,,,,,,,,,,,,,,,,,,1,0,0,,,
df4c68f5-f50e-5b16-ab40-aa238e1d3d95,1912-05-01,0,TOTALS,,Longview,,,31,1,,5,,,,,,,,,,,,,,,,,,,,24,14,5,,,
df4c68f5-f50e-5b16-ab40-aa238e1d3d95,1912-05-01,0,Bettison,,Paris,cf,1,3,2,,1,,,,,,,,,,,,,,,,,,,,2,0,0,,,
df4c68f5-f50e-5b16-ab40-aa238e1d3d95,1912-05-01,0,Solliday,,Paris,2b,2,2,1,,0,,,,,,,2,,,,,,,,,,,,,2,5,0,,,
df4c68f5-f50e-5b16-ab40-aa238e1d3d95,1912-05-01,0,Sherwood,,Paris,ss,3,3,0,,0,,,,,,,,,,,,,,,,,,,,1,3,0,,,
df4c68f5-f50e-5b16-ab40-aa238e1d3d95,1912-05-01,0,Lawson,,Paris,c,4,3,1,,3,,,,,,,1,,,,,,,,,,,,,7,2,0,,,
df4c68f5-f50e-5b16-ab40-aa238e1d3d95,1912-05-01,0,Wood,,Paris,3b,5,4,0,,1,,,,,,,,,,,,,,,,,,,,0,1,0,,,
df4c68f5-f50e-5b16-ab40-aa238e1d3d95,1912-05-01,0,Mathis,L.,Paris,1b,6,4,0,,0,,,,,,,,,,,,,,,,,,,,9,1,0,,,
df4c68f5-f50e-5b16-ab40-aa238e1d3d95,1912-05-01,0,Mathis,E.,Paris,lf,7,3,0,,0,,,,,,,,,,,,,,,,,,,,3,0,0,,,
df4c68f5-f50e-5b16-ab40-aa238e1d3d95,1912-05-01,0,Dowlen,,Paris,rf,8,3,0,,1,,,,,,,,,,,,,,,,,,,,2,0,0,,,
df4c68f5-f50e-5b16-ab40-aa238e1d3d95,1912-05-01,0,Gaines,,Paris,p,9,3,0,,0,,,,,,,,,,,,,,,5,7,,1,,1,2,0,,,
df4c68f5-f50e-5b16-ab40-aa238e1d3d95,1912-05-01,0,TOTALS,,Paris,,,28,4,,6,,,,,,,,,,,,,,,,,,,,27,14,0,,,
